sheet,chain,co_owned,state,southj,centralj,northj,pa1,pa2,shore,ncalls,empft,emppt,nmgrs,wage_st,inctime,firstinc,bonus,pctaff,meals,open,hrsopen,psoda,pfry,pentree,nregs,nregs11,type2,status2,date2,ncalls2,empft2,emppt2,nmgrs2,wage_st2,inctime2,firstin2,special2,meals2,open2r,hrsopen2,psoda2,pfry2,pentree2,nregs2,nregs112,fte,fte2,dfte,gap,dw,sample
46,1,0,0,0,0,0,1,0,0,0,30,15,3,,19,,1,,2,6.5,16.5,1.03,1.03,.51999998,3,3,1,1,111792,1,3.5,35,3,4.3000002,26,.079999998,1,2,6.5,16.5,1.03,,.94,4,4,37.5,21,-16.5,0,,0
49,2,0,0,0,0,0,1,0,0,0,6.5,6.5,4,,26,,0,,2,10,13,1.01,.89999998,2.3499999,4,3,1,1,111292,,0,15,4,4.4499998,13,.050000001,0,2,10,13,1.01,.88999999,2.3499999,4,4,9.75,7.5,-2.25,0,,0
506,2,1,0,0,0,0,1,0,0,0,3,7,2,,13,.37,0,30,2,11,10,.94999999,.74000001,2.3299999,3,3,1,1,111292,,3,7,4,5,19,.25,,1,11,11,.94999999,.74000001,2.3299999,4,3,6.5,6.5,0,0,,0
56,4,1,0,0,0,0,1,0,0,0,20,20,4,5,26,.1,1,0,2,10,12,.87,.81999999,1.79,2,2,1,1,111492,,0,36,2,5.25,26,.15000001,0,2,10,12,.92000002,.79000002,.87,2,2,30,18,-12,0,.25,1
61,4,1,0,0,0,0,1,0,0,0,6,26,5,5.5,52,.15000001,1,0,3,10,12,.87,.76999998,1.65,2,2,1,1,111492,,28,3,6,4.75,13,.15000001,0,2,10,12,1.01,.83999997,.94999999,2,2,19,29.5,10.5,0,-.75,1
62,4,1,0,0,0,0,1,0,0,2,0,31,5,5,26,.07,0,45,2,10,12,.87,.76999998,.94999999,2,2,1,1,111492,,,,,,26,,0,2,10,12,,.83999997,1.79,3,3,15.5,,,0,,0
445,1,0,0,0,0,0,0,1,0,0,50,35,3,5,26,.1,0,0,2,6,18,1.04,.88,.94,3,3,1,1,110792,,15,18,5,4.75,26,.15000001,0,2,6,18,1.04,.86000001,.94,3,3,67.5,24,-43.5,0,-.25,1
451,1,0,0,0,0,0,0,1,0,0,10,17,5,5,52,.25,0,0,2,0,24,1.05,.83999997,.95999998,6,4,1,1,111792,2,26,9,6,5,26,.2,0,2,0,24,1.11,.83999997,.94,6,3,18.5,30.5,12,0,0,1
455,2,1,0,0,0,0,0,1,0,0,2,8,5,5.25,13,.25,0,0,1,11,10,.73000002,.73000002,2.3199999,2,2,1,1,111292,,3,12,2,5,13,.25,0,2,11,11,.94,.83999997,2.3199999,4,3,6,9,3,0,-.25,1
458,2,1,0,0,0,0,1,0,0,2,2,10,2,5,19,.15000001,0,0,1,11,10,.94,.73000002,2.3199999,4,4,1,1,111792,1,2,9,2,5,13,.25,0,1,11,10.5,.89999998,.73000002,2.3199999,4,3,7,6.5,-.5,0,0,1
462,3,1,0,0,0,0,0,1,0,0,2.5,20,3,5,13,.37,1,5,2,9,12.5,1.05,1.01,1.11,4,4,2,1,122292,1,1,25,4,4.75,13,.2,0,2,9,12,1.01,1.01,.88999999,6,3,12.5,13.5,1,0,-.25,1
468,1,0,0,0,0,0,0,1,0,0,40,30,3,5,13,.17,0,0,2,6,18,.94999999,.94,.94999999,4,3,1,1,110792,,9,32,4,5,26,.13,1,2,6,18,.97000003,.83999997,.86000001,4,3,55,25,-30,0,0,1
469,1,0,0,0,0,0,0,1,0,0,8,27,5,5,39,.25,0,80,2,6,18,.92000002,.72000003,.95999998,3,2,1,1,111692,1,7,39,4,4.5,41,.23,0,2,6,18,.92000002,.81,.87,3,3,21.5,26.5,5,0,-.5,1
470,1,0,0,0,0,0,0,1,0,0,10.5,30,3,5.5,,.30000001,0,0,2,6,18,.97000003,.83999997,.94,3,3,1,1,111792,2,18,10,3,4.75,13,.15000001,1,2,6,18,1.03,.83999997,.94,3,2,25.5,23,-2.5,0,-.75,1
474,1,0,0,0,0,0,0,1,0,2,6,9,3,5,26,.37,0,0,2,9,12.5,1.13,.98000002,1.01,3,1,2,1,122292,1,5,20,3,4.5,,0,0,2,8.5,13,1.09,.94,.94,3,2,10.5,15,4.5,0,-.5,1
481,2,1,0,0,0,0,0,1,0,2,5,17.5,3,5.25,26,.25,1,0,3,11,10,.94999999,.74000001,2.53,5,4,1,1,111792,2,15,4,3,5,26,.25,1,2,11,11,.74000001,.73000002,2.53,3,3,13.75,17,3.25,0,-.25,1
483,2,1,0,0,0,0,0,1,0,0,1,15,1,5,13,.07,1,0,2,11,10,.94,.73000002,2.3199999,4,3,1,1,111292,,4,13,3,4.75,13,.18000001,0,1,11,11,.94999999,.74000001,2.3299999,4,3,8.5,10.5,2,0,-.25,1
487,3,1,0,0,0,0,0,1,0,0,10,6,2,5,13,.17,1,0,2,10,11.5,1.11,.91000003,.94999999,6,3,1,1,111192,,6,20,3,4.75,26,.1,0,2,10.5,11,1.05,1.01,.94,6,1,13,16,3,0,-.25,1
488,3,0,0,0,0,0,0,1,0,1,20,13,3,5,13,.25,1,0,2,6,16,1.05,.79000002,1.01,5,5,1,1,111192,,5,15,3,4.75,26,.13,0,2,7,15,1.01,1.01,.94,5,3,26.5,12.5,-14,0,-.25,1
489,3,0,0,0,0,0,0,1,0,2,5,23,2,5,13,.37,1,6,2,7,14,1.05,1.01,.94,4,4,1,1,111892,2,2,19,3,4.25,26,.13,0,2,10,11.5,1.01,1.01,1.05,6,3,16.5,11.5,-5,0,-.75,1
490,3,1,0,0,0,0,0,1,0,0,10,12.5,4,5,13,.12,0,0,2,6,16,1.05,1.01,1.05,4,4,1,1,111692,1,2,18,3,5,26,.28,0,2,6,16,1.01,1.01,1.05,5,3,16.25,11,-5.25,0,0,1
493,3,1,0,0,0,0,1,0,0,0,27,12,3,5,26,.25,0,0,2,6,16,1.05,.89999998,2.01,6,3,1,1,111192,,0,30,4,4.9000001,13,.25,0,2,6,16,1.02,1.01,.83999997,3,3,33,15,-18,0,-.099999905,1
495,3,0,0,0,0,0,0,1,0,2,4,28,3,5,26,.25,0,2,2,7,15,1.05,1.01,.94,3,3,1,1,111192,,8,20,3,5,26,.25,1,2,6,16,.95999998,1.01,1.01,5,3,18,18,0,0,0,1
496,3,1,0,0,0,0,0,1,0,0,10,15,3,5,13,.17,1,0,2,6,16,1.05,.89999998,.73000002,5,3,1,1,111192,,10,10,3,4.75,19,.18000001,0,2,6,16,1.01,1.01,.88999999,,,17.5,15,-2.5,0,-.25,1
499,4,1,0,0,0,0,0,1,0,0,0,28,5,5,26,.07,1,11,2,10,12,.89999998,.69,1.75,2,2,1,1,111492,1,0,31,5,5,26,.1,1,2,10,12,.89999998,.69,.94,2,2,14,15.5,1.5,0,0,1
509,3,1,0,0,0,0,0,1,0,2,3,16,3,5,13,.25,0,30,2,6,16,1.05,.94999999,1.16,6,3,1,1,111192,,5.5,10,3,4.25,26,.2,0,2,6.5,15.5,1,1.01,.94,3,2,11,10.5,-.5,0,-.75,1
515,3,1,0,0,0,0,0,1,0,0,7,16,4,5,13,.2,0,33,2,6,16,1.05,.94,1.16,5,3,1,1,111192,,5,19,3,4.75,13,.18000001,0,2,6,16,1.01,1.01,.94,5,4,15,14.5,-.5,0,-.25,1
37,1,0,0,0,0,0,1,0,0,2,21,9,7,4.25,4,.25,0,33,2,6.5,16.5,.98000002,.83999997,.83999997,5,3,1,1,111092,,6,25,7,4.25,52,.18000001,0,2,6.5,16.5,.98000002,.83999997,.86000001,6,3,25.5,18.5,-7,0,0,1
39,1,0,0,0,0,0,1,0,0,0,1,32,2,4.25,8,,0,100,2,6.5,17.5,1.03,.73000002,.51999998,4,2,1,1,111792,,5,15,3,,,,0,2,6.5,16.5,1.05,,.63,4,2,17,12.5,-4.5,0,,0
40,1,0,0,0,0,0,1,0,0,0,10,20,7,4.25,4,.15000001,0,100,2,6.5,16.5,.98000002,.81999999,.80000001,3,3,1,1,111092,,7,25,6,4.25,8,.13,0,2,6.5,17.5,.98000002,.81999999,.87,3,2,20,19.5,-.5,0,0,1
41,1,0,0,0,0,0,1,0,0,0,0,27,6,4.25,18,.2,0,100,2,6.5,16.5,.98000002,.81999999,.85000002,3,3,1,1,111892,2,0,42,6,4.25,,,0,2,6.5,17.5,.94,.77999997,.91000003,3,2,13.5,21,7.5,0,0,1
42,1,0,0,0,0,0,1,0,0,2,17,4,5,4.5,,,0,100,2,6.5,16.5,.98000002,.82999998,.86000001,3,3,1,1,111792,1,0,22,5,4.25,26,.25,0,2,6.5,16.5,.94,,,3,2,19,11,-8,0,-.25,1
45,1,0,0,0,0,0,1,0,0,0,0,24,6,4.25,2,.25,0,25,2,7,16,.98000002,.82999998,.86000001,3,3,1,1,111092,,11,12,2,4.25,26,.15000001,0,3,6.5,17.5,.98000002,.75,.86000001,3,3,12,17,5,0,0,1
47,1,0,0,0,0,0,1,0,0,2,25,15,,4.5,4,.17,0,75,2,6,17,1.05,.86000001,.86000001,3,3,1,1,111092,,0,45,2,4.25,,,0,2,6,18,1.05,.86000001,.86000001,3,,32.5,22.5,-10,0,-.25,0
48,1,0,0,0,0,0,1,0,0,0,6,20,3,4.25,13,.2,1,31,3,7,14,1.01,.83999997,.63,4,3,1,1,111092,,7.5,25,5,4.3800001,13,.25,1,3,7,14,.98000002,.79000002,.87,4,3,16,20,4,0,.13000011,1
50,2,0,0,0,0,0,1,0,0,0,6,10,3,4.5,13,,0,20,2,10,12,1.01,.88999999,3.5,4,3,1,1,111292,,4,20,3,4.75,13,.1,0,2,10,13,1.01,.88999999,2.3499999,4,3,11,14,3,0,.25,1
51,2,0,0,0,0,0,1,0,0,1,0,15,3,4.25,,.15000001,0,100,2,10,13,1.01,.88999999,2.3499999,4,3,1,1,111792,2,6,15,3,4.25,,,0,2,10,13,1,.88999999,2.3499999,5,3,7.5,13.5,6,0,0,1
57,4,1,0,0,0,0,1,0,0,0,30,10,3,4.6700001,26,.07,1,70,2,10,12,.87,.79000002,.89999998,2,2,1,1,111492,1,7,18,4,4.5,26,.13,1,2,10,12,1.01,.77999997,.89999998,2,2,35,16,-19,0,-.17000008,1
58,4,1,0,0,0,0,1,0,0,2,8,25,3,4.75,26,.15000001,0,80,2,10,12,.87,.76999998,1.01,2,2,1,1,111492,2,0,28,4,4.5,26,.079999998,1,2,10,12,1.04,.83999997,.94,2,2,20.5,14,-6.5,0,-.25,1
59,4,0,0,0,0,0,1,0,0,3,0,15,3,4.25,26,.1,0,90,1,7.5,10.5,.91000003,.88999999,.81,2,2,1,1,111492,1,0,16,4,4.25,26,.1,0,1,7.5,10.5,1.01,.83999997,.86000001,2,2,7.5,8,.5,0,0,1
60,4,0,0,0,0,0,1,0,0,0,10,20,5,4.25,4,.1,0,75,1,10.5,11.5,.94,.74000001,.86000001,2,2,1,1,111792,2,10,20,5,4.25,4,.25,0,1,10,12,.98000002,.83999997,.86000001,2,2,20,20,0,0,0,1
407,2,1,0,0,0,0,0,1,0,0,2,12,3,4.75,52,.12,0,90,3,11,10,.94999999,.74000001,2.3299999,4,3,1,1,111492,,1,14,3,4.25,4,.30000001,0,1,11,11,.94999999,.83999997,2.53,4,3,8,8,0,0,-.5,1
430,1,0,0,0,0,0,1,0,0,0,20,25,4,4.25,13,.15000001,0,44,2,7,15,.94999999,.75,.80000001,3,3,1,1,110792,,0,48,3,4.25,26,.13,0,2,7,16,.91000003,.73000002,.75,3,3,32.5,24,-8.5,0,0,1
432,1,0,0,0,0,0,1,0,0,0,20,55,5,4.5,17,.15000001,0,75,2,7,16,.94,.74000001,.79000002,4,3,1,1,110792,1,25,10,4,5.0500002,26,.2,0,2,7,16,.94,.74000001,.79000002,3,1,47.5,30,-17.5,0,.55000019,1
433,1,0,0,0,0,0,1,0,0,0,10,30,4,4.25,13,.15000001,0,75,2,7,16,.94999999,.73000002,.80000001,3,3,2,1,123092,6,0,42,4,,,,0,2,7,16,.94,.74000001,.74000001,3,3,25,21,-4,0,,0
434,1,0,0,0,0,0,1,0,0,2,15,50,5,4.25,6,.25,0,77,2,7,16,.94999999,.75,,3,3,1,1,111692,,19,29,4,4.25,,,0,2,7,16,.94999999,.80000001,.80000001,3,3,40,33.5,-6.5,0,0,1
435,1,0,0,0,0,0,1,0,0,1,1,37.5,3,4.25,4,.17,1,25,2,6.5,15.5,.94999999,.75,.79000002,3,3,1,1,110792,,0,32,5,4.25,6,.15000001,1,2,6.5,15.5,.94,.74000001,.79000002,3,2,19.75,16,-3.75,0,0,1
438,2,0,0,0,0,0,1,0,0,2,0,9,3,4.25,52,.07,0,11,2,11,8,1.01,.83999997,2.4300001,2,1,1,1,111292,,2,9,3,4.25,52,.050000001,0,2,11,9,.94999999,.83999997,2.4300001,2,1,4.5,6.5,2,0,0,1
440,4,0,0,0,0,0,1,0,0,2,0,25,3,4.25,19,.15000001,0,100,2,10.5,11.5,.88999999,.79000002,2.01,2,2,1,1,111392,,0,30,3,,,,0,2,10.5,11.5,1,.80000001,1.8,2,2,12.5,15,2.5,0,,0
441,4,0,0,0,0,0,1,0,0,2,30,10,3,4.25,4,.25,1,100,2,10.5,11.5,.88999999,.76999998,.83999997,2,2,1,1,111392,,0,30,3,4.25,4,.25,0,2,10.5,11.5,1,.80000001,1.8099999,2,2,35,15,-20,0,0,1
443,4,0,0,0,0,0,1,0,0,0,4,19,4,4.25,4,.25,0,95,2,10.5,11.5,.88999999,.79000002,1.8,2,2,1,1,111392,,5,20,4,4.3499999,17,.18000001,0,2,10.5,11.5,1,.80000001,1.8099999,2,2,13.5,15,1.5,0,.099999905,1
444,4,0,0,0,0,0,1,0,0,2,12,20,3,4.25,19,.37,0,,2,10.5,12.5,.88999999,.80000001,.83999997,2,2,1,1,111392,,10,35,4,4.5,4,.30000001,0,2,10.5,11.5,.88999999,,.79000002,2,2,22,27.5,5.5,0,.25,1
446,1,0,0,0,0,0,0,1,0,2,,,3,4.5,4,.25,0,50,2,6,18,1.03,.83999997,.94,,,1,1,110792,,7,24,4,5,4,.25,1,2,6,18,.97000003,.83999997,.91000003,4,3,,19,,0,.5,0
448,1,0,0,0,0,0,0,1,0,0,8,18,4,4.75,4,.25,1,78,2,6,18,.97000003,.83999997,.91000003,3,3,1,1,111892,1,8,27,3,4.5,13,.25,0,2,6,18,.95999998,.82999998,.87,3,3,17,21.5,4.5,0,-.25,1
449,1,0,0,0,0,0,0,1,0,2,0,25,3,4.8699999,3.5,,0,3,2,6,18,,,,4,4,1,1,110792,,15,15,5,5,52,.25,0,2,6,18,.97000003,.83999997,.73000002,3,3,12.5,22.5,10,0,.13000011,1
450,1,0,0,0,0,0,0,1,0,0,2,21,3,4.75,13,.15000001,0,50,2,6.5,16.5,.97000003,.81999999,.83999997,3,3,1,1,111892,2,27.5,8,3,4.75,13,.25,1,2,6,18,.91000003,.83999997,.86000001,3,3,12.5,31.5,19,0,0,1
454,2,1,0,0,0,0,0,1,0,0,1,9,3,4.5,4,.15000001,0,,2,11,10,.94,.73000002,2.53,4,3,1,1,111292,,0,18,5,5,13,.25,0,1,11,11,.94,.73000002,2.6400001,4,3,5.5,9,3.5,0,.5,1
459,3,1,0,0,0,0,0,1,0,0,5,20,3,4.25,13,.37,0,,2,6,16,1.05,.89999998,.94,5,,2,1,122292,1,0,20,5,4.3499999,28,.15000001,1,2,7,15,1.01,1.01,.88999999,4,2,15,10,-5,0,.099999905,1
466,4,0,0,0,0,0,0,1,0,2,8,17.5,4,4.75,17,.30000001,1,65,3,10.5,11.5,.94,.80000001,.94,2,2,1,1,111892,5,14,12,3,,52,,0,1,10.5,11.5,.94,,,2,2,16.75,20,3.25,0,,0
471,1,0,0,0,0,0,0,1,0,2,25,20,4,4.25,26,,0,50,2,6,18,.97000003,.83999997,.91000003,2,2,1,1,111692,,12,23,3,4.25,26,.15000001,0,2,6,18,.97000003,.86000001,.91000003,3,1,35,23.5,-11.5,0,0,1
472,1,0,0,0,0,0,0,1,0,2,37.5,2,3,4.25,52,,0,80,2,6.5,16.5,.97000003,1.05,.91000003,3,3,1,1,110792,,8,25,3,4.9000001,13,.18000001,0,2,6,17,.95999998,.83999997,.91000003,3,3,38.5,20.5,-18,0,.6500001,1
473,1,0,0,0,0,0,0,1,0,0,5,27,4,4.75,26,.5,1,50,2,6,17,.97000003,.86000001,.88999999,3,2,1,1,111792,1,26,15,2,4.5,19,.13,0,2,6,17,.97000003,.83999997,.86000001,3,3,18.5,33.5,15,0,-.25,1
475,1,0,0,0,0,0,0,1,0,1,25,8,3,4.5,,,0,60,1,7,15,1.02,.88999999,.89999998,3,3,1,1,110792,,10,16,3,4.5,26,.15000001,0,1,7,15,1.02,.94,.89999998,3,3,29,18,-11,0,0,1
476,1,0,0,0,0,0,1,0,0,2,6,30,3,4.25,52,.12,0,60,2,6,18,.94999999,.79000002,.91000003,3,3,1,1,111792,1,5,30,3,4.75,52,.2,0,2,6,18,.95999998,.83999997,1.1799999,3,3,21,20,-1,0,.5,1
477,1,0,0,0,0,0,0,1,0,1,8,28,4,4.25,39,.12,1,50,2,6.5,16.5,.97000003,.77999997,.99000001,3,3,1,1,110792,,6,20,4,6.25,26,.5,0,2,6,17,.95999998,.83999997,.88999999,3,3,22,16,-6,0,2,1
478,1,0,0,0,0,0,1,0,0,0,32,25,4,4.5,13,.22,0,30,2,6,19,.97000003,.86000001,.91000003,3,3,2,1,122292,1,8,30,4,4.3499999,13,.25,0,2,6,18,1.01,.88,.91000003,3,2,44.5,23,-21.5,0,-.1500001,1
485,2,1,0,0,0,0,0,1,0,2,1,9,3,4.5,26,.37,0,80,2,11,10,.94999999,.74000001,2.3299999,4,3,1,1,111292,,4,12,3,4.5,19,,0,2,11,11,1.01,.73000002,2.3199999,4,3,5.5,10,4.5,0,0,1
491,3,0,0,0,0,0,0,1,0,0,4,25,2,4.5,13,.37,0,100,2,8.5,13,1.05,.91000003,.94999999,3,2,2,3,123092,3,0,0,0,,,,,,,,,,,,,16.5,0,-16.5,0,,0
492,3,1,0,0,0,0,0,1,0,0,2,16,3,4.5,13,.25,0,75,2,9,12.5,1.11,1.05,.94,2,1,1,1,111192,,4,15,2,4.5,19,.1,0,2,9,12.5,1.11,1.11,1.05,2,1,10,11.5,1.5,0,0,1
497,4,1,0,0,0,0,0,1,0,0,12,15,3,4.5,13,.15000001,1,37,2,10,12,.91000003,.83999997,.83999997,2,2,1,1,111392,,,,5,,,,0,2,10,12,1.01,.89999998,.79000002,2,2,19.5,,,0,,0
498,4,1,0,0,0,0,0,1,0,2,20,10,3,4.75,26,.1,1,75,2,10,12,.91000003,.83999997,.85000002,2,2,1,1,111792,2,21,5.5,3,5,26,,1,2,10,12,.98000002,.83999997,.89999998,2,2,25,23.75,-1.25,0,.25,1
501,1,0,0,0,0,0,0,1,0,0,14,15,3,4.25,4,.37,1,63,2,6.5,16.5,.83999997,.83999997,.94,3,3,1,1,111792,2,30,15,6,4.75,4,.34999999,1,1,6,18,1.03,.91000003,.91000003,3,3,21.5,37.5,16,0,.5,1
503,1,0,0,0,0,0,0,1,0,2,7.5,14,4,4.75,,.12,0,100,2,6.5,16.5,.97000003,.83999997,.91000003,3,3,1,1,110792,,35,6.5,3,4.5,13,.15000001,0,2,6,18,.97000003,.83999997,1,3,3,14.5,38.25,23.75,0,-.25,1
510,3,1,0,0,0,0,0,1,0,0,7,25,4,4.25,26,.25,0,60,2,6,16,1.05,.91000003,1.05,3,3,1,1,111892,2,2.5,17.5,3,,13,,1,2,7,15,1.05,1.01,,5,3,19.5,11.25,-8.25,0,,0
511,3,1,0,0,0,0,0,1,0,0,4,16,3,4.75,9,.15000001,0,75,2,6,16.5,1.01,.91000003,1.05,4,4,1,1,111192,,3,13,3,4.75,,,0,2,7,15,1.01,1.01,.88999999,6,2,12,9.5,-2.5,0,0,1
514,3,0,0,0,0,0,0,1,0,0,5,20,3,4.5,26,.25,0,25,2,6,16,.94,.89999998,.94,5,3,1,1,111192,1,23,16,3,4.25,10,.2,0,2,6,16,.94999999,.94999999,1.05,6,4,15,31,16,0,-.25,1
516,3,1,0,0,0,0,0,1,0,2,6,22.5,3,4.75,13,.12,0,23,3,6,16,1.05,.91000003,1.05,4,3,1,1,111692,,2,12,2,4.9099998,14,.18000001,1,2,8,14,1.01,.94999999,.88999999,5,3,17.25,8,-9.25,0,.15999985,1
521,1,0,0,0,0,0,1,0,0,0,2.5,20,3,4.25,13,,1,50,2,6.5,16.5,,,.51999998,4,4,1,1,110792,,0,12,8,4.4000001,13,.13,1,2,7,16,.41,.83999997,.88999999,4,2,12.5,6,-6.5,0,.1500001,1
522,1,0,0,0,0,0,1,0,0,2,2,30,4,4.3499999,26,.2,0,75,3,7,16,1,.87,.94,3,3,1,1,110792,,3,23,3,4.25,26,.15000001,0,3,7,16,1,.74000001,.94999999,3,3,17,14.5,-2.5,0,-.099999905,1
113,1,0,1,0,1,0,0,0,0,0,0,22,4,,,,1,,2,7,16,1.0599999,.94999999,1,4,,1,1,111092,,2,40,5,5.0500002,26,.28,1,2,7,16,1.05,.89999998,.98000002,3,2,11,22,11,0,,0
123,1,0,1,0,1,0,0,0,0,0,0,20,5,,13,,0,28,2,7,14.5,1.0599999,.94999999,1.01,2,1,1,1,111092,,5,25,4,5.0500002,26,.15000001,0,3,7.5,14,1.05,.94,1,3,2,10,17.5,7.5,0,,0
135,3,0,1,0,1,0,0,0,0,0,10,20,4,,26,,0,,0,9,12.5,,,,5,3,1,1,111692,,8,24,3,5.0500002,,.25,0,2,10,11.5,1.16,1.0599999,1.05,5,3,20,20,0,0,,0
138,3,1,1,0,0,1,0,0,0,0,4.5,25.5,2,,,,1,,2,10,11.5,1.12,1.0700001,1.0599999,6,,1,1,111692,,2,33,3,5.0500002,26,.2,0,2,10,11.5,1.21,1.01,.94,6,4,17.25,18.5,1.25,0,,0
153,1,0,1,0,0,1,0,0,0,0,0,25,9,,52,.15000001,0,33,1,7,17,1,.94999999,.88999999,4,3,1,1,111092,,26.5,10,3,5.0500002,26,.15000001,0,2,7,17,1.05,.94999999,.94999999,3,2,12.5,31.5,19,0,,0
181,2,0,1,0,0,1,0,0,0,0,0,13,3,,,,0,100,1,10.5,11,.91000003,.79000002,2.3399999,3,2,1,1,111192,,1,15,2,5.0500002,,.25,0,1,10.5,11,.94999999,.89999998,2.49,3,2,6.5,8.5,2,0,,0
191,4,0,1,0,0,1,0,0,0,0,30,20,4,,,,0,,2,10.5,12,1.0599999,.94999999,1.0599999,,1,1,1,111792,1,0,25,4,5.0500002,6,.25,1,2,10.5,12,1.02,.94,1.05,2,2,40,12.5,-27.5,0,,0
231,1,0,1,0,0,1,0,0,0,1,,10,3,,26,,0,,2,7,16,1.02,1.02,.94999999,2,2,1,1,111092,,16,6,4,5.0500002,4,.25,0,1,7,16,.89999998,.94999999,.94999999,3,1,,19,,0,,0
236,1,0,1,0,0,1,0,0,0,3,0,34,4,,17,,0,95,1,7,17,1.1799999,1.02,1.0599999,4,3,1,1,111792,2,23,22,4,5.0500002,8,.28,1,1,7,18,1.1,1.01,.99000001,4,3,17,34,17,0,,0
254,4,0,1,1,0,0,0,0,1,0,20,10,3,,16,,0,,1,7,16,1.0599999,.86000001,1.0599999,2,2,1,1,111492,1,28,10,3,5.25,8,.2,1,1,7,15,1,.85000002,1.05,2,2,25,33,8,0,,0
255,4,0,1,1,0,0,0,0,0,2,0,14,3,,52,.27000001,1,10,1,7,14,1.01,.79000002,.85000002,2,2,1,1,111392,,8,12,2,,52,.14,0,1,7,14,1,.85000002,2.1099999,2,2,7,14,7,0,,0
294,1,0,1,0,0,1,0,0,0,3,0,35,3,,26,.2,0,70,2,7,16,1.0599999,.94999999,.94999999,3,3,1,1,110992,,0,35,3,5.0500002,26,.2,0,2,7,16,1.05,.94,.94,3,2,17.5,17.5,0,0,,0
306,3,1,1,0,0,1,0,0,0,0,15,15,3,,17,,0,,2,6,17,1.02,,1.0599999,4,4,1,1,111792,1,6,20,3,5.0500002,26,.23,0,2,6,18,1.11,1.05,1.05,,2,22.5,16,-6.5,0,,0
311,4,0,1,0,0,1,0,0,0,2,0,30,4,,26,.31999999,1,78,2,10.5,11.5,.91000003,.91000003,1.0599999,2,2,1,1,111392,,35,30,3,5.0500002,,.2,0,2,10.5,11.5,1.01,.94999999,1.05,2,2,15,50,35,0,,0
315,1,0,1,1,0,0,0,0,0,0,5,19,2,,4,.25,1,65,3,7,16,1,.85000002,.88,3,2,1,1,110992,,4.5,20,2,5.0500002,8,.079999998,0,2,7,16,1.05,.83999997,.87,3,2,14.5,14.5,0,0,,0
335,1,1,1,1,0,0,0,0,0,0,9,10,3,,13,.17,0,100,1,6,17,1.0599999,.92000002,.92000002,5,2,1,1,111892,3,7,13,3,5.0500002,26,.13,0,1,6,17,1.05,.94,.94,5,2,14,13.5,-.5,0,,0
372,1,1,1,0,0,1,0,0,0,2,0,45,5,,26,.15000001,1,30,3,6.5,19,1.1,.94999999,1.1,4,,1,1,111792,1,30,20,5,5.0500002,8,.079999998,0,2,6.5,18.5,1.0599999,1.05,1.04,4,3,22.5,40,17.5,0,,0
6,3,1,1,0,1,0,0,0,0,2,2,2,2,5,13,.25,0,100,1,11,7,1.2,1.17,2.3499999,4,2,1,1,111792,1,5,2,2,5.0500002,13,.15000001,0,1,10,8,1.11,1.01,2.23,4,2,3,6,3,.0099999998,.050000191,1
14,2,0,1,0,1,0,0,0,0,0,10,8,2,5.1199999,6,.25,0,0,3,11,11,1.0599999,.85000002,2.49,6,5,1,1,110592,,4,17,3,5.0500002,13,.25,1,2,11,11,1.05,.94,2.5999999,6,3,14,12.5,-1.5,0,-.069999695,1
26,1,0,1,0,0,1,0,0,0,3,30,15,4,5.5599999,6,,1,,2,7,16,1.0599999,.91000003,.98000002,4,2,1,1,111792,2,10,20,4,5.0500002,,,0,2,7,16,1.01,.94,.94,5,4,37.5,20,-17.5,0,-.50999975,1
27,2,1,1,0,1,0,0,0,0,2,4,10,4,5,,.37,0,0,1,11,10,1.0599999,.85000002,2.3399999,4,3,1,1,111292,,0,7,4,5.0500002,26,.25,0,1,11,10,1.05,.83999997,2.53,4,3,9,3.5,-5.5,.0099999998,.050000191,1
30,2,0,1,0,0,1,0,0,0,4,6,4,2,5,13,.37,0,0,1,11,10,1.0599999,1.0599999,2.53,2,2,1,1,111292,,4,3,2,5.0500002,19,.25,1,1,11,10,.94,.92000002,2.6900001,2,2,8,5.5,-2.5,.0099999998,.050000191,1
31,2,0,1,0,1,0,0,0,0,2,4,16,3,5.25,13,.15000001,0,0,2,11,11,1.03,1.0599999,2.5599999,4,3,1,1,111492,3,6,15,5,5.0500002,26,.25,0,1,10.5,12.5,1,1.05,2.6400001,4,4,12,13.5,1.5,0,-.19999981,1
33,3,0,1,0,0,1,0,0,0,0,12,20,4,5,26,.25,0,7,2,6,17,1.02,1.0700001,.94999999,5,4,1,1,111392,,6,11,5,5.0500002,,.2,0,2,6,17,1.11,1.0599999,1.05,4,2,22,11.5,-10.5,.0099999998,.050000191,1
36,4,0,1,0,1,0,0,0,0,0,8,12,4,5.5,30,.17,1,0,2,10.5,13,1.02,.91000003,2.5699999,2,2,1,1,111492,,10,35,6,5.0500002,26,.15000001,1,2,10.5,12.5,.94999999,.88999999,1.1900001,2,2,14,27.5,13.5,0,-.44999981,1
77,3,0,1,0,0,1,0,0,0,0,6,50,4,5,4,.15000001,0,100,2,6,19,1.1799999,1.0700001,1.17,6,5,1,1,111992,4,4,60,3,5.0500002,52,.15000001,0,2,6,19,1.0599999,1.0599999,1.05,6,2,31,34,3,.0099999998,.050000191,1
78,3,1,1,0,0,1,0,0,0,0,13,10,3,5,26,.15000001,0,0,2,6,17,1.12,1.02,1.02,4,2,1,1,111392,,10,12,2,5.0500002,26,.1,0,2,7,16,1.11,1.01,1.05,5,3,18,16,-2,.0099999998,.050000191,1
81,4,0,1,0,0,1,0,0,0,4,25,13,3,5,26,.1,0,95,2,10,12,1.0599999,.98000002,1.0599999,2,2,2,1,121592,3,0,45,4,5.0500002,,,1,2,10.5,11.5,1.11,.98000002,2.0699999,2,1,31.5,22.5,-9,.0099999998,.050000191,1
82,4,0,1,0,0,1,0,0,0,6,8,14.5,3,5,13,.37,1,0,2,10.5,13.5,1.0599999,1.03,1.0599999,2,2,1,1,111492,,25,8,4,5.0500002,13,.18000001,1,2,10.5,13.5,1.11,.98000002,1.05,2,2,15.25,29,13.75,.0099999998,.050000191,1
83,4,0,1,0,0,1,0,0,0,2,12.5,20,2,5,13,.25,0,11,2,10.5,13.5,1.0599999,.98000002,2.1300001,2,2,1,1,111792,2,,,4,5.0500002,26,.5,0,2,10,14,1.11,.88999999,.99000001,2,2,22.5,,,.0099999998,.050000191,0
85,1,0,1,0,1,0,0,0,1,3,7,20,3,5.5,26,.51999998,0,1,1,9,12.5,1.12,1.02,1.02,5,4,1,1,111692,,0,35,3,5.0500002,26,.18000001,0,1,9,12.5,1.11,1.01,1.05,5,1,17,17.5,.5,0,-.44999981,1
89,1,1,1,0,1,0,0,0,0,2,10,6,3,5,13,.17,0,0,2,7,16,1.09,.94999999,1.04,3,2,1,1,111092,,6,25,6,5.5,4,.63,0,2,7,16,1.11,1.01,1.05,3,3,13,18.5,5.5,.0099999998,.5,1
94,2,0,1,0,1,0,0,0,0,2,0,25,5,5,26,.25,0,0,3,11,10,1.0599999,.80000001,2.5599999,,,1,1,111292,,2,20,4,5.0500002,52,.25,0,1,11,10,1.05,.79000002,2.53,3,,12.5,12,-.5,.0099999998,.050000191,1
103,4,0,1,0,0,1,0,0,0,2,12.5,10,3,5,26,.27000001,0,50,2,10.5,11.5,.91000003,.85000002,.94999999,2,2,1,1,111492,2,,,2,5.0500002,13,,0,2,10.5,12.5,1.05,.83999997,1.26,2,2,17.5,,,.0099999998,.050000191,0
112,4,0,1,0,0,1,0,0,0,0,4,26,3,5,13,.2,0,80,2,10,14,1.0599999,.98000002,1.0599999,2,2,2,1,121392,9,5,25,6,5.0500002,28,.18000001,0,2,10.5,12.5,1.11,1.09,2.0699999,,,17,17.5,.5,.0099999998,.050000191,1
128,2,1,1,0,1,0,0,0,0,3,6.5,7.5,2,5,,.15000001,0,,2,11,11,1.0599999,.85000002,2.3399999,4,2,1,1,111492,1,3,16,2,5.0500002,26,.25,0,1,11,11,1.05,.79000002,2.3199999,3,2,10.25,11,.75,.0099999998,.050000191,1
129,3,0,1,0,1,0,0,0,0,3,20,20,3,5.25,26,.050000001,0,0,2,6,16,1.1,1,.74000001,6,4,1,1,111392,,7,18,4,5.0500002,52,.25,0,2,6,16,1.11,1,.88999999,4,3,30,16,-14,0,-.19999981,1
131,3,0,1,0,1,0,0,0,0,2,15,25,4,5.5,4,.37,1,10,2,6,17,1.0599999,1.0599999,1.0599999,5,2,2,1,121692,2,8,22,3,5.0500002,,,0,2,7,15,1.05,1.11,1.05,5,4,27.5,19,-8.5,0,-.44999981,1
139,4,0,1,0,1,0,0,0,0,0,,,2,5.5,,,0,,2,10.5,12.5,.94999999,.94999999,1.0599999,2,1,1,1,111492,,11,25,5,5.5,19,.25,1,2,11,12,,,,,,,23.5,,0,0,0
143,4,0,1,0,1,0,0,0,0,3,0,30,3,5.3699999,26,.25,1,15,2,10.5,11.5,.94999999,.94999999,1.0599999,2,2,2,4,121692,2,,,,,,,,,,,,,,,,15,,,0,,0
144,4,0,1,0,1,0,0,0,0,2,10,30,3,5.0500002,26,.15000001,1,0,2,10.5,12.5,.91000003,.85000002,1.0599999,2,2,1,1,111792,1,4,37,3,5.0500002,26,.34999999,1,2,10.5,12.5,.94,.94,1.26,2,2,25,22.5,-2.5,0,0,1
145,1,0,1,0,0,1,0,0,0,0,5,17,3,5,13,.15000001,1,0,2,7,16,1.0599999,.94999999,.94999999,3,2,1,1,111092,,10,8,4,5.2800002,26,.13,1,2,7,16,1.05,.95999998,.94999999,3,2,13.5,14,.5,.0099999998,.28000021,1
147,1,0,1,0,0,1,0,0,0,0,8.5,6.5,3,5.1199999,8,.25,0,100,2,7,14,1.12,.88999999,.94999999,2,2,1,1,111892,1,6,0,3,5.25,13,.38,0,2,7,14,1.13,.91000003,.91000003,2,2,11.75,6,-5.75,0,.13000011,1
148,1,0,1,0,0,1,0,0,0,4,4.5,30,4,5.25,26,.17,1,0,2,7,17,1.0599999,.94999999,.94999999,3,2,1,1,111092,,7.5,30,4,5.0500002,26,.2,1,2,7,17,1.05,.94,.94,3,3,19.5,22.5,3,0,-.19999981,1
151,1,0,1,0,0,1,0,0,0,0,1,12,3,5,12,.1,0,92,2,7,15,1.09,.81,1.04,3,3,2,3,123092,2,0,0,0,,,,,,,,,,,,,7,0,-7,.0099999998,,0
152,1,0,1,0,0,1,0,0,0,0,35,15,4,5.1199999,9,.67000002,1,10,1,7,15,1.17,.94999999,1.02,3,2,1,1,111092,,12,13.5,5,5.0500002,13,.28,0,2,7,15,1.16,.94,.94,3,3,42.5,18.75,-23.75,0,-.069999695,1
157,2,0,1,0,0,1,0,0,0,0,10,5,3,5,26,.25,0,0,1,10.5,12,.91000003,.85000002,2.3399999,3,3,1,1,111792,2,12,8,2,5.5,26,.25,0,1,10.5,11,.94999999,.82999998,2.47,2,2,12.5,16,3.5,.0099999998,.5,1
161,3,1,1,0,0,1,0,0,0,0,8,25,4,5,19,.15000001,0,2,2,6,17,1.12,1.02,1.0599999,7,3,1,1,111992,4,26,12,4,5.0500002,,,0,2,6,17,1.11,1.0599999,1.05,7,5,20.5,32,11.5,.0099999998,.050000191,1
163,3,1,1,0,0,1,0,0,0,0,12,18,3,5,13,.15000001,0,11,2,6,16.5,1.2,1.0700001,1.0599999,3,3,1,1,111292,,1.5,33,3,5.0500002,26,.15000001,0,2,7,15,,,,,,21,18,-3,.0099999998,.050000191,1
164,3,1,1,0,0,1,0,0,0,0,4,30,4,5,26,.1,0,3,2,5,19,1.12,1.02,1.0599999,5,3,1,1,111292,,5,15,3,5.0500002,52,.15000001,0,2,6,17,1.11,1.0599999,1.05,5,3,19,12.5,-6.5,.0099999998,.050000191,1
165,4,0,1,0,0,1,0,0,0,1,20,10,3,5,15,.27000001,1,60,2,10.5,12.5,1.0599999,.88999999,1.0599999,3,2,1,1,111792,1,10,17,4,5.0500002,14,.13,0,2,10.5,12.5,1.05,.98000002,1.05,2,2,25,18.5,-6.5,.0099999998,.050000191,1
169,1,1,1,0,0,1,0,0,0,0,12,33,4,5,13,.25,0,50,2,7,16,1.1,.94,1.04,3,3,1,1,111692,,20,6,4,5.0500002,52,.15000001,0,2,7,16,1.11,1.05,1.05,3,3,28.5,23,-5.5,.0099999998,.050000191,1
170,1,1,1,0,0,1,0,0,0,1,10,20,3,5,52,.51999998,0,0,2,7,16,1.1,1.02,1.08,3,2,1,1,111092,,20,20,4,5.0500002,4,,0,1,7,16,1.29,1.11,1.1799999,4,4,20,30,10,.0099999998,.050000191,1
187,3,0,1,0,0,1,0,0,1,0,4,20,3,5.6199999,26,.51999998,0,2,2,7,15,1.12,1.09,1.0599999,4,3,1,1,111292,,5,17.5,3,5.0500002,13,.2,0,2,7,15,1.11,1.0599999,1.05,4,4,14,13.75,-.25,0,-.56999969,1
190,3,1,1,0,0,1,0,0,0,0,5,42,4,5,26,.12,1,,2,6,16,1.02,1.0700001,1.0599999,5,,1,1,111292,,7,30,4,5.0500002,26,.18000001,0,2,7,15,1.05,1.01,1.74,5,3,26,22,-4,.0099999998,.050000191,1
196,4,1,1,0,0,1,0,0,0,0,8,19,4,5,26,.2,0,,2,10.5,11.5,.94999999,.85000002,1.0599999,2,2,1,1,111392,,0,30,3,5.0500002,26,.18000001,0,2,10.5,12.5,1,.89999998,2.1099999,2,2,17.5,15,-2.5,.0099999998,.050000191,1
197,1,0,1,0,0,1,0,0,0,0,23,10,4,5,26,.25,0,50,2,7,17,.99000001,.88999999,.88999999,3,2,1,1,111792,1,5,21,5,5.0500002,26,.13,0,3,7,17,1.05,.94999999,.94999999,3,1,28,15.5,-12.5,.0099999998,.050000191,1
234,1,0,1,0,0,1,0,0,0,2,0,10,3,5,26,,0,0,2,7,16,1.12,,.49000001,2,2,1,1,111892,2,10,4,3,5.0500002,26,,0,2,7,16,1.04,1.01,.57999998,3,2,5,12,7,.0099999998,.050000191,1
240,3,1,1,0,0,1,0,0,0,0,15,35,3,5.0999999,26,.25,0,20,2,6,17,1.1799999,1.02,1.0599999,6,4,1,1,111692,1,15,15,3,5.0500002,26,.15000001,0,2,6,17,1.1,1,1.05,6,4,32.5,22.5,-10,0,-.049999714,1
241,3,0,1,0,0,1,0,0,0,2,15,25,4,5,13,.37,1,30,2,7,16,1.12,1.02,1.0599999,5,5,1,1,111192,1,15,,4,5.0500002,26,.1,0,2,7,16,1.15,1.05,1.05,5,5,27.5,,,.0099999998,.050000191,0
242,3,1,1,0,0,1,0,0,0,0,25,10,3,5.25,13,.25,1,0,2,6,17,1.1,1.02,1.0599999,5,4,1,1,111192,,12,10,3,5.0500002,8,.2,1,2,7,16,1.11,1.0599999,1.05,6,4,30,17,-13,0,-.19999981,1
245,3,0,1,0,0,1,0,0,0,3,15,8,3,5.5,,,0,0,1,8.5,13.5,1.2,1.02,1.02,4,2,1,1,111792,3,8,12,4,5.0500002,26,,0,1,8.5,13,1.11,1.11,1.05,5,1,19,14,-5,0,-.44999981,1
259,1,0,1,1,0,0,0,0,0,0,13,12,4,5,4,.25,0,50,2,7.5,14.5,1.02,.85000002,.85000002,3,3,1,1,110992,,15,15,4,5.0500002,,,0,2,7.5,14.5,1.05,,.83999997,3,3,19,22.5,3.5,.0099999998,.050000191,1
268,1,1,1,1,0,0,0,0,0,1,10,18,4,5,26,.17,1,0,2,7,15,1.02,.85000002,.85000002,5,4,1,1,110992,,0,42.5,2,5.0500002,26,.25,1,2,7,15,.94,.77999997,.83999997,4,4,19,21.25,2.25,.0099999998,.050000191,1
271,2,1,1,1,0,0,0,0,0,3,0,13,2,5,13,.1,0,38,2,11,11,1.02,.79000002,2.3399999,4,2,1,1,111792,1,0,15,3,5.0500002,8,.1,0,2,11,12,.89999998,.73000002,2.28,4,3,6.5,7.5,1,.0099999998,.050000191,1
272,2,1,1,1,0,0,0,0,0,4,4,11,3,5.0500002,4,.2,0,0,1,11,11,.94999999,.74000001,2.3399999,4,2,1,1,111492,1,2,14,3,5.25,26,.2,0,2,11,12,.94,.73000002,2.3199999,4,3,9.5,9,-.5,0,.19999981,1
274,2,1,1,1,0,0,0,0,0,0,0,15,2,5.5,26,.12,0,27,2,11,10,.91000003,.74000001,2.3399999,4,3,1,1,111392,,3,7,3,5.0500002,26,.2,0,1,11,11,,,2.3199999,,,7.5,6.5,-1,0,-.44999981,1
276,2,1,1,1,0,0,0,0,0,3,5,10,3,5,26,.25,0,0,2,11,10.5,.94999999,.74000001,2.1900001,4,3,1,1,111392,,5,15,3,5.0500002,26,.28,0,3,11,12,.94999999,.73000002,2.3199999,5,3,10,12.5,2.5,.0099999998,.050000191,1
296,1,1,1,0,0,1,0,0,0,0,5,16,4,5.3000002,26,.25,0,50,2,7,16,1.0599999,.94999999,1.01,3,3,1,1,111892,3,4,9,6,5.0500002,13,,0,2,7,16,1.05,.94,1,3,2,13,8.5,-4.5,0,-.25,1
299,2,1,1,0,0,1,0,0,0,0,3,8,2,5,26,,0,0,1,10.5,11.5,1.0599999,.85000002,2.3399999,3,2,1,1,111792,1,6,12,2,5.0500002,13,.25,0,1,11,11.5,1.05,.83999997,2.3199999,3,2,7,12,5,.0099999998,.050000191,1
301,2,1,1,0,0,1,0,0,0,4,8,12,5,5,11,.36000001,1,0,3,11,10.5,1.0599999,.85000002,2.3399999,3,1,1,1,111492,1,2,7,1,5.0500002,4,.5,0,2,11,10.5,.94,.83999997,2.3199999,3,2,14,5.5,-8.5,.0099999998,.050000191,1
320,2,0,1,1,0,0,0,0,1,0,5,9,2,5,13,.12,1,0,2,11,12,1.12,.80000001,2.45,4,4,1,1,111392,,4,6,3,5.0500002,,,0,1,11,11,1.05,.83999997,2.4300001,4,3,9.5,7,-2.5,.0099999998,.050000191,1
321,2,0,1,1,0,0,0,0,1,0,3,14,3,5,,.25,0,10,2,10.5,12.5,1.12,.85000002,2.45,4,2,1,1,111492,2,4,11,2,5.0500002,13,.15000001,0,1,11,12,1.05,.83999997,2.4300001,4,3,10,9.5,-.5,.0099999998,.050000191,1
324,3,0,1,1,0,0,0,0,0,2,20,46,5,5.25,26,.2,0,0,2,0,24,1.1799999,1.0599999,,5,2,2,1,121892,4,22,39,5,5.0500002,52,.25,1,2,0,24,1.22,1.05,1.05,5,2,43,41.5,-1.5,0,-.19999981,1
326,3,1,1,1,0,0,0,0,1,3,18,45,5,5.1500001,11,.15000001,0,7,2,0,24,1.26,.99000001,,4,3,1,1,111892,1,0,45,4,5.0500002,,,0,2,0,24,1.22,,1.05,4,2,40.5,22.5,-18,0,-.099999905,1
330,4,0,1,1,0,0,0,0,1,0,4,16,3,5.4200001,13,.12,1,0,1,10.5,15.5,1.01,.86000001,.94999999,2,2,1,1,111392,,3,20,3,5.6700001,52,.25,0,1,10.5,14.5,.94,.79000002,1.26,2,2,12,13,1,0,.25,1
334,1,0,1,1,0,0,0,0,0,0,10,10,3,5,4,.17,0,0,3,9,12.5,.91000003,.91000003,.91000003,3,3,1,1,110992,,0,20,3,5.0500002,26,.18000001,,3,9,12.5,.89999998,.89999998,.85000002,3,2,15,10,-5,.0099999998,.050000191,1
349,3,1,1,1,0,0,0,0,0,1,2.5,27,5,5,6,.15000001,0,10,2,6,16,1.12,.91000003,.94999999,3,3,1,1,111192,,0,20,4,5.0500002,4,.18000001,0,2,7,15,1.01,1.01,.94,3,3,16,10,-6,.0099999998,.050000191,1
354,4,0,1,1,0,0,0,0,0,3,14,7,3,5.0599999,4,.25,1,10,1,10.5,10.5,.94999999,.86000001,.94999999,2,2,1,1,111392,,9,7,3,5.0500002,13,.23,0,1,10.5,10.5,1,.85000002,.94,2,2,17.5,12.5,-5,0,-.009999752,1
356,4,0,1,1,0,0,0,0,0,3,11.5,10,4,5.0500002,13,,1,0,1,10.5,11.5,.94999999,.80000001,1.0599999,2,2,1,1,111492,,0,28,4,5.0500002,17,.15000001,1,1,10.5,11.5,1,.85000002,1.05,2,2,16.5,14,-2.5,0,0,1
357,4,0,1,0,0,1,0,0,0,1,4.5,20,3,5,16,.2,0,100,1,10.5,11.5,.94999999,.86000001,.94999999,2,2,1,1,111392,,21,6,3,5.25,13,.25,0,1,10.5,12.5,1,.83999997,2.3499999,2,2,14.5,24,9.5,.0099999998,.25,1
371,1,0,1,0,0,1,0,0,0,0,12,23,4,5,13,.15000001,0,100,2,7,16,1.0599999,1.02,.94999999,3,3,1,1,110792,,11,22,5,5.25,26,,0,3,7,16,,,,4,2,23.5,22,-1.5,.0099999998,.25,1
373,1,1,1,0,0,1,0,0,0,0,14,12,4,5,4,.25,0,100,2,6.5,15.5,1.01,.94999999,1.03,6,3,1,1,110792,,18,15,4,5.0500002,13,.25,1,2,6.5,15.5,1.1,.94,1.02,6,5,20,25.5,5.5,.0099999998,.050000191,1
375,1,0,1,0,0,1,0,0,0,3,25,10,4,5.25,26,.25,1,0,1,7,15,1.02,.80000001,,4,2,1,1,111692,1,0,25,4,5.5,26,.1,1,1,7,15,1.05,.94,1.01,3,3,30,12.5,-17.5,0,.25,1
378,1,1,1,0,0,1,0,0,0,4,10,8,4,5,52,.1,0,,2,6.5,18.5,1.1,.95999998,1.1,5,5,1,1,110792,,20,15,4,5.0500002,52,.25,1,2,6,19,1.05,.99000001,1.03,6,4,14,27.5,13.5,.0099999998,.050000191,1
381,1,0,1,0,0,1,0,0,0,0,10,20,4,5,13,.5,1,0,2,6.5,16.5,1.27,1.17,1.1,4,2,1,1,111692,,15,15,5,5.0500002,8,.47,1,2,6.5,16.5,1.37,1.16,1.16,4,2,20,22.5,2.5,.0099999998,.050000191,1
403,3,1,1,0,0,1,0,0,0,2,13,31,,5.0500002,26,.15000001,0,10,2,6,18,1.09,1.12,1.0599999,5,4,1,1,111892,3,11,23,3,5.0500002,13,,1,2,7,16,1.11,1.0599999,1.05,4,4,28.5,22.5,-6,0,0,0
406,4,1,1,0,0,1,0,0,0,0,12,35,4,5,,.31999999,0,0,1,10.5,11.5,1.02,,2.1400001,2,2,1,1,111392,,17,22,4,5.5,13,,,1,10.5,12.5,.83999997,.94,1.99,2,2,29.5,28,-1.5,.0099999998,.5,1
407,4,1,1,0,0,1,0,0,0,2,5,10,2,5.75,26,.15000001,1,0,2,11,10.5,1.17,1.17,1.38,1,1,1,1,111392,,8,7,3,5.5,26,.15000001,0,2,11,10.5,1.05,1.16,2.3199999,1,1,10,11.5,1.5,0,-.25,1
409,1,0,1,0,0,1,0,0,0,0,3,60,2,5,39,,0,0,1,7,15,1.1900001,.87,.94999999,3,3,1,1,111792,2,0,15,3,5.0500002,,,0,1,7,15,1.09,1.04,1.01,3,3,33,7.5,-25.5,.0099999998,.050000191,1
1,1,0,1,0,1,0,0,0,0,0,16,30,4,4.5,,.25,0,80,3,7,16,.93000001,.82999998,.85000002,4,3,1,1,110592,,20,40,4,5.0500002,,,0,2,7,16,1.05,.79000002,.89999998,4,3,31,40,9,.12222222,.55000019,1
2,1,0,1,0,1,0,0,0,0,0,10,6,3,4.75,26,.5,1,80,1,7,14,1.0599999,.91000003,.95999998,2,2,1,1,110592,,7.5,10,3,5.25,19,.38,1,1,7,15,1.05,1.01,.94,2,2,13,12.5,-.5,.063157894,.5,1
3,2,0,1,0,1,0,0,0,0,3,6,13,3,4.25,13,.25,1,50,2,11,10,1.0599999,.94999999,3.0899999,5,3,1,1,111792,2,4,7,3,5.0500002,26,.25,0,1,11,11,1.05,.94,2.75,5,3,12.5,7.5,-5,.1882353,.80000019,1
4,3,0,1,0,1,0,0,0,0,0,10,12,3,4.75,4,.25,0,50,2,9,12.5,1.0599999,1,2.1300001,8,4,1,1,110592,,5,30,4,5.0500002,26,.28,0,2,8,13.5,1.22,1.37,.88999999,6,4,16,20,4,.063157894,.30000019,1
5,3,0,1,0,1,0,0,0,0,0,5,30,4,4.5,13,.17,0,,1,6,17,.94999999,,2.1300001,5,4,1,1,111892,2,10,30,4,5.1500001,4,.18000001,0,2,6,17,1.05,.94,.94,5,5,20,25,5,.12222222,.6500001,1
8,4,0,1,0,1,0,0,0,0,0,,25,4,4.8000002,,.15000001,0,,1,10.5,12,1.02,.91000003,2.28,2,1,1,1,110592,,15,25,3,5.0500002,26,.33000001,0,2,10,13,1.01,1.01,.94,2,2,,27.5,,.052083291,.25,0
9,1,0,1,0,1,0,0,0,0,2,12,40,4,4.3699999,26,.15000001,0,35,2,7,16,1.04,.67000002,.85000002,4,4,1,1,110592,,0,32,4,5.0500002,26,.13,0,2,7,16,1.11,.92000002,1.01,4,3,32,16,-16,.15560643,.68000031,1
10,1,0,1,0,1,0,0,0,0,0,15,20,4,4.25,39,.17,0,80,2,7,16,1.04,.85000002,.85000002,3,3,1,1,110592,,15,15,4,5.0500002,4,.28,0,2,7,16,.94,.87,.94,3,2,25,22.5,-2.5,.1882353,.80000019,1
11,1,0,1,0,1,0,0,0,0,2,10,30,4,4.25,26,.1,0,80,2,7,16,1.09,.88999999,.91000003,3,3,1,1,111792,1,12,24,3,5.0500002,,,0,2,7,16,1.05,.87,.94,3,2,25,24,-1,.1882353,.80000019,1
12,1,0,1,0,1,0,0,0,0,0,6.5,23.5,3,4.3699999,9,.1,0,100,2,7,16,1.05,.79000002,.91000003,3,3,1,1,111892,3,15,15,4,5.0500002,26,.25,0,3,7,16,1.01,.92000002,.94,3,2,18.25,22.5,4.25,.15560643,.68000031,1
13,2,0,1,0,1,0,0,0,0,0,0,25,3,4.5,7,.25,0,100,2,11,10,1.0599999,.94999999,2.6600001,5,4,1,1,111792,1,2,11,3,5,13,.25,0,1,11,11,1.01,.94,2.75,4,3,12.5,7.5,-5,.12222222,.5,1
15,3,0,1,0,1,0,0,0,0,3,3,25,4,4.5999999,9,.15000001,1,95,2,6,17,1.02,.98000002,.94999999,5,4,2,1,121092,5,5,20,3,5.0500002,,.25,0,2,6,17,1.05,1.01,2,3,3,15.5,15,-.5,.097826108,.45000029,1
16,3,0,1,0,1,0,0,0,0,0,6,22,4,4.5,13,.25,0,50,2,6,17,1,1,,5,5,1,1,110592,,7,17,3,5.0500002,19,.25,0,2,6,17,1.05,1.01,.94,5,5,17,15.5,-1.5,.12222222,.55000019,1
17,3,0,1,0,1,0,0,0,0,0,0,20,4,4.3699999,13,.25,0,60,2,6,17,1.0599999,1,2.02,6,5,1,1,111692,1,4,35,4,5.0500002,13,.2,0,2,6,17,1.05,.94,.94999999,6,5,10,21.5,11.5,.15560643,.68000031,1
18,3,0,1,0,1,0,0,0,0,2,15,25,3,4.25,13,,0,50,2,6,17,,,,4,4,1,1,110592,,8,38,5,5.0500002,,.25,1,2,6,17,1.05,1,.63,7,7,27.5,27,-.5,.1882353,.80000019,1
19,1,0,1,1,0,0,0,0,0,3,4,31,4,4.25,4,.25,0,50,2,6,16,1.05,.91000003,.93000001,3,3,1,1,110592,,6,44,5,5.0500002,52,.30000001,0,2,6,16,1.04,.93000001,.94999999,2,2,19.5,28,8.5,.1882353,.80000019,1
21,2,0,1,1,0,0,0,0,0,0,5,12,3,4.4499998,6,.1,0,90,2,10.5,10.5,1.0599999,.80000001,2.1300001,3,3,1,1,111492,1,0,11,2,5.0500002,,,0,2,11,10,.94,.94,2.4300001,3,3,11,5.5,-5.5,.1348315,.60000038,1
22,3,0,1,1,0,0,0,0,0,2,3,15,4,4.3499999,26,.12,0,90,2,7,16,1.0599999,.83999997,.94999999,4,1,1,1,110592,,3,15,2,5.0500002,19,.13,0,2,7,15,1.05,1.05,.94,4,4,10.5,10.5,0,.16091956,.70000029,1
23,1,0,1,0,0,1,0,0,0,2,0,25,3,4.5,26,.12,0,75,2,7,16,1.0599999,.94999999,.94999999,3,2,1,1,111792,1,14,14,3,5.0500002,,,0,1,6.5,16.5,1.05,.94,.94,3,2,12.5,21,8.5,.12222222,.55000019,1
24,1,0,1,0,1,0,0,0,0,2,15,15,4,4.75,13,.25,1,40,2,7,16,1.0599999,.94999999,1.01,4,3,2,1,122192,3,15,20,4,5.0500002,52,.15000001,0,2,,,1.05,.94,1,4,3,22.5,25,2.5,.063157894,.30000019,1
28,2,0,1,0,0,1,0,0,0,6,0,14,1,4.5,,.25,0,10,2,11,10,1.0599999,1.17,2.5599999,2,1,1,1,111892,3,6,2,3,,,,0,1,11,10,,1.05,2.6400001,3,2,7,7,0,.12222222,,0
29,2,0,1,0,0,1,0,0,0,3,0,7,2,4.5,4,.25,0,,2,11,11,1.0599999,1.01,2.5599999,3,2,1,1,111292,,0,13,3,5.0500002,26,.25,0,1,11,11,1.05,1.05,2.6400001,3,3,3.5,6.5,3,.12222222,.55000019,1
32,3,0,1,0,0,1,0,0,0,0,10,20.5,3,4.5,26,.25,0,40,2,10.5,11.5,1.12,1.02,1.0599999,4,3,1,1,111792,1,2,25,3,5.0500002,26,.23,0,2,10.5,11.5,1.22,1.11,2.28,4,4,20.25,14.5,-5.75,.12222222,.55000019,1
34,3,1,1,0,0,1,0,0,0,0,5,15,3,4.9499998,26,,0,75,2,10.5,11.5,1.12,1.02,1.0599999,5,3,1,1,111392,,11,7,3,5.0500002,26,.5,0,2,10.5,11.5,1.22,1.11,.73000002,5,2,12.5,14.5,2,.020202059,.10000038,1
35,4,0,1,0,0,1,0,0,0,2,25,6.5,4,4.5,9,.25,1,,2,10.5,11.5,.95999998,.94999999,2.1300001,2,2,1,1,111992,6,13,18,3,5.0500002,13,.25,0,2,10.5,11.5,1.03,,,2,2,28.25,22,-6.25,.12222222,.55000019,1
38,1,0,1,0,1,0,0,0,0,0,15,20,5,4.25,17,.15000001,0,100,2,6,17,1.05,.94999999,.98000002,3,2,1,1,111092,,10,20,6,5.0500002,,.25,0,3,6.5,17.5,.98000002,.81999999,.75999999,3,2,25,20,-5,.1882353,.80000019,1
63,1,1,1,0,0,1,0,0,0,1,26,6,,4.25,26,,0,75,2,6,18,1.1,.97000003,1.17,4,3,1,1,111792,1,15,10,4,5.0500002,26,.1,0,2,7,18,1.11,1.01,1.09,4,3,29,20,-9,.1882353,.80000019,0
64,1,0,1,0,0,1,0,0,0,1,20,15,3,4.5,26,.2,0,60,3,7,16,1.0599999,.94999999,.94999999,3,2,1,1,111092,,13,13,3,5.0500002,26,.25,0,2,7,16,1.05,.94999999,.94999999,3,3,27.5,19.5,-8,.12222222,.55000019,1
65,1,0,1,0,0,1,0,0,0,5,0,20,4,4.8000002,52,.25,0,90,2,6.5,15.5,1.0599999,.85000002,1.11,3,3,2,2,121592,3,,,3,5.0500002,,,,,,,,,,,,10,,,.052083291,.25,0
66,1,0,1,0,0,1,0,0,0,0,15,18,3,4.25,26,.15000001,0,20,2,7,17,1.0599999,.94999999,.94999999,3,2,1,1,111092,,26,10,4,5.0500002,26,.25,1,1,7,17,1.05,.94999999,.94999999,3,3,24,31,7,.1882353,.80000019,1
67,1,0,1,0,0,1,0,0,0,0,5,15,6,4.5,13,.25,0,55,1,8,13.5,1.17,1.0599999,1.17,3,2,1,1,111092,,4,17.5,5,5.0500002,,,0,1,8,13.5,1.3200001,1.05,1.22,3,3,12.5,12.75,.25,.12222222,.55000019,1
68,1,0,1,0,0,1,0,0,0,1,30,10,3,4.25,14,.050000001,0,,3,7,17,1.0700001,1.02,1.02,3,3,1,1,111092,,13,17,3,5.0500002,13,.28,0,3,7,17,1.05,.94999999,.94999999,3,1,35,21.5,-13.5,.1882353,.80000019,1
69,1,0,1,0,0,1,0,0,0,0,0,27,3,4.25,13,.22,0,100,2,7,18,1.17,.94999999,.94999999,4,2,1,1,111792,,0,27,3,5.0500002,13,.2,0,2,7,18,1.26,1.01,1,4,2,13.5,13.5,0,.1882353,.80000019,1
70,1,0,1,0,0,1,0,0,0,0,35,20,5,4.5,13,.27000001,0,50,1,7,16,1.0599999,.94999999,1.02,3,3,1,1,111092,,10,30,5,5.0500002,4,.23,,1,7,16,1.05,.94999999,1.01,3,3,45,25,-20,.12222222,.55000019,1
71,1,0,1,0,0,1,0,0,0,1,0,35,3,4.75,13,.25,0,100,3,7,17,1.0599999,.94999999,.94999999,3,2,1,1,111692,,29,14,3,5.0500002,26,.18000001,1,3,7,17,1.05,.94999999,.94999999,3,2,17.5,36,18.5,.063157894,.30000019,1
73,2,0,1,0,0,1,0,0,0,1,0,7,3,4.25,,.75,0,40,3,11,12,1.0599999,1.0599999,2.45,3,2,1,1,111792,2,14,0,3,5.0500002,4,.050000001,0,2,11,11,1.05,1.05,2.4300001,3,,3.5,14,10.5,.1882353,.80000019,1
75,2,0,1,0,0,1,0,0,0,0,3,15,3,4.25,4,.25,0,0,2,11,11,1.17,1.27,2.77,3,3,1,1,111292,,4,11,3,5.0500002,6,.25,1,2,11,11,1.16,1.16,2.75,3,3,10.5,9.5,-1,.1882353,.80000019,1
76,3,1,1,0,0,1,0,0,0,0,8,32,4,4.25,26,.2,0,50,2,6,17,1.12,1.02,1.02,6,3,1,1,111392,,25,15,6,5.0500002,13,.15000001,1,2,6.5,16.5,1.11,1.0599999,1.05,6,3,24,32.5,8.5,.1882353,.80000019,1
79,3,1,1,0,0,1,0,0,0,4,6,25,3,4.5,26,.15000001,0,30,2,6,17,1.17,1.02,1.0599999,5,4,1,1,111392,,8,18,3,5.0500002,41,.13,0,2,7,16,1.11,1.0599999,1.05,5,4,18.5,17,-1.5,.12222222,.55000019,1
80,4,0,1,0,0,1,0,0,0,1,4.5,20,,4.25,26,.25,0,90,2,10.5,11.5,1.0599999,.98000002,1.0599999,2,2,1,1,111492,2,11,14,3,5.0500002,13,.1,0,2,10.5,12.5,1.12,.98000002,.99000001,2,1,14.5,18,3.5,.1882353,.80000019,0
84,1,0,1,0,1,0,0,0,0,3,4,30,5,4.5,26,.15000001,0,50,2,7,16,1.04,.85000002,.91000003,4,2,1,1,111692,,12,30,5,5.0500002,52,.2,0,2,7,16,1.05,.89999998,.94,3,3,19,27,8,.12222222,.55000019,1
86,1,0,1,0,1,0,0,0,0,1,11,11,4,4.25,13,.25,0,,3,7,15,1.0599999,.94,1.1,3,3,1,1,111092,,9,12,4,5.0500002,4,.13,0,3,7,15,1.05,1.05,1.04,3,3,16.5,15,-1.5,.1882353,.80000019,1
87,1,0,1,0,1,0,0,0,1,0,0,15,,4.5,26,,0,,2,7,15,1.0599999,.86000001,1.02,3,3,1,1,111092,,0,30,5,5.0500002,41,.18000001,0,3,7,15,1,.99000001,1.04,3,3,7.5,15,7.5,.12222222,.55000019,0
88,1,0,1,1,0,0,0,0,0,0,3,35,3,4.25,,,1,75,3,7,15,1.0599999,.87,.91000003,5,5,2,1,121892,2,4,37,4,5.0500002,42,.18000001,0,2,7,15,1.05,.87,.94,5,2,20.5,22.5,2,.1882353,.80000019,1
91,1,1,1,0,1,0,0,0,1,2,8,22,4,4.25,8,.15000001,0,100,2,7,17,1.09,.93000001,1.04,3,3,1,1,111792,1,0,30,4,5.0500002,26,.18000001,0,1,7,17,1.11,1.05,1.05,3,3,19,15,-4,.1882353,.80000019,1
92,1,1,1,0,1,0,0,0,1,0,4,18,4,4.25,13,.75,0,100,2,7,15,1.09,.94999999,1.03,3,3,1,1,111092,,14,6,3,5.0500002,,.25,0,2,7,15,1.11,1.01,1.05,3,3,13,17,4,.1882353,.80000019,1
93,1,1,1,0,0,1,0,0,0,0,2.5,30,3,4.25,52,.15000001,0,90,2,7,16,,,.95999998,,,1,1,111092,,5,25,5,5.0500002,13,.15000001,0,2,7,16,1.11,1.05,1.05,4,3,17.5,17.5,0,.1882353,.80000019,1
95,2,0,1,0,1,0,0,0,0,1,18,3,4,4.25,26,.27000001,0,40,1,11,10,1.0599999,.80000001,2.5599999,4,3,1,1,111292,,0,14,3,5.0500002,13,.25,0,1,11,10,1.05,.75,2.53,3,3,19.5,7,-12.5,.1882353,.80000019,1
96,2,0,1,0,0,1,0,0,0,2,0,15,2,4.25,26,.12,0,80,2,11.5,10,1.0599999,1.01,2.6600001,3,2,1,1,111892,3,0,15,5,5.0500002,26,.15000001,0,2,11.5,10.5,1.05,.94,2.5899999,4,0,7.5,7.5,0,.1882353,.80000019,1
97,2,0,1,0,1,0,0,0,0,2,0,12,4,4.25,13,.25,1,58,2,11,10,1.02,.75,2.5599999,3,2,1,1,111292,,2.5,11,3,5.0500002,13,.30000001,0,2,11,10,1.05,.80000001,2.54,3,2,6,8,2,.1882353,.80000019,1
98,2,0,1,0,1,0,0,0,1,0,0,20,4,4.25,13,.40000001,0,80,3,11,10,1.0599999,.80000001,2.5599999,3,3,1,1,111292,,3,13,3,5.0500002,13,.44999999,0,1,11,10,1.05,.89999998,2.53,3,3,10,9.5,-.5,.1882353,.80000019,1
99,3,1,1,0,1,0,0,0,1,0,60,40,5,4.75,26,.15000001,0,50,2,0,24,1.23,,2.3,8,6,2,1,121892,6,30,50,4,5.0500002,15,.25,1,2,0,24,1.22,1.17,2.3199999,5,2,80,55,-25,.063157894,.30000019,1
101,3,0,1,0,1,0,0,0,1,3,4.5,15,3,4.75,26,.15000001,0,80,2,7,15,1.2,1.1799999,1.0599999,6,4,1,1,111392,,10,12,3,5.0500002,26,.15000001,0,2,7,15,1.15,1.1,1.05,8,3,12,16,4,.063157894,.30000019,1
102,3,0,1,1,0,0,0,0,0,2,12,13,3,4.4000001,52,.2,0,15,2,7,16,1.0599999,.91000003,1.0700001,6,4,1,1,111392,,0,27,2,5.0500002,52,.25,0,2,7,15,1.0700001,1.01,1.05,5,5,18.5,13.5,-5,.14772725,.6500001,1
104,4,0,1,0,1,0,0,0,1,0,40,20,3,4.6199999,4,.31999999,1,50,2,10.5,11.5,.94999999,.83999997,.94,2,2,1,1,111492,1,11,10,3,5.0500002,26,.079999998,1,2,10.5,12.5,1,.83999997,.94,2,2,50,16,-34,.093073621,.43000031,1
105,1,0,1,0,0,1,0,0,0,2,0,40,4,4.25,10,,0,50,2,6.5,16.5,.95999998,1,1.03,4,2,1,1,111092,,0,45,4,5.0500002,13,.25,0,2,6.5,16.5,1.05,.99000001,1.16,4,3,20,22.5,2.5,.1882353,.80000019,1
106,1,0,1,0,0,1,0,0,0,0,0,35,3,4.25,26,.27000001,0,65,3,7,16,1.0599999,.94999999,.94999999,2,1,1,1,111092,,2,25,3,5.0500002,26,.2,0,0,7,16,1.05,.94999999,.94999999,2,2,17.5,14.5,-3,.1882353,.80000019,1
107,1,1,1,0,0,1,0,0,0,0,6,11,3,4.25,8,.31999999,0,40,1,8,14.5,1.17,.94999999,.94999999,3,3,2,1,123092,9,13.5,10,2,5.0500002,,,0,1,8,14,,1.01,1,4,2,11.5,18.5,7,.1882353,.80000019,1
108,1,0,1,0,0,1,0,0,0,2,13.5,15,4,4.25,26,.37,1,6,1,7,17,1.27,1.01,1.0599999,3,3,1,1,111692,,11,24,5,5.0500002,26,.15000001,0,1,7,17,1.37,1.02,1.05,3,3,21,23,2,.1882353,.80000019,1
111,3,0,1,0,0,1,0,0,0,0,17,14,3,4.25,2,.41999999,0,55,3,7,16,1.17,1.0599999,1.01,5,5,1,1,111892,1,20,14.5,3,5.0500002,26,,0,2,7,16,1.16,1.16,1,5,4,24,27.25,3.25,.1882353,.80000019,1
114,1,0,1,0,1,0,0,0,0,2,0,35,5,4.75,26,.56999999,1,50,2,7,16,1.0700001,.94999999,.94999999,3,,1,1,111792,1,20,40,4,5.25,26,.25,0,2,6.5,16.5,1.11,.94,.94,3,3,17.5,40,22.5,.063157894,.5,1
115,1,0,1,0,1,0,0,0,0,0,20,25,4,4.75,4,.30000001,0,25,1,7,17,1.0599999,.94999999,1.0599999,4,3,1,1,111092,,6,15,4,5.0500002,,,,1,7,17,1.05,.94999999,1.01,4,4,32.5,13.5,-19,.063157894,.30000019,1
116,1,0,1,0,1,0,0,0,0,0,4,22.5,2,4.25,18,.37,0,90,2,8.5,13,1.49,1.02,1.11,7,3,1,1,111092,,22,12,3,5.0500002,13,.44999999,1,2,8.5,13,1.39,.94999999,1.21,8,2,15.25,28,12.75,.1882353,.80000019,1
118,1,0,1,0,0,1,0,0,0,3,10,15,4,4.25,26,.15000001,0,70,2,7,15,1.0599999,.94999999,1.01,4,2,1,1,111692,,18,20,3,5.0500002,26,.38,0,2,7,15,1.05,.94,1,4,2,17.5,28,10.5,.1882353,.80000019,1
119,1,0,1,0,0,1,0,0,0,2,12,19,3,4.75,13,.27000001,1,50,3,6.5,16.5,1.0599999,.91000003,.94999999,3,3,1,1,111692,1,18,13,4,5.0500002,26,,0,3,6.5,17.5,1.05,.88999999,.94999999,3,3,21.5,24.5,3,.063157894,.30000019,1
120,1,1,1,0,1,0,0,0,0,3,0,32,3,4.5,,,0,,2,7,16,1.13,.98000002,1.04,3,2,1,1,111992,3,0,30,4,5.0500002,,,0,2,7,16,1.05,1.05,1.05,3,2,16,15,-1,.12222222,.55000019,1
122,1,0,1,0,0,1,0,0,0,0,1,38,5,4.25,4,.2,0,70,1,9,12.5,,1.12,1.12,5,3,1,1,111092,,10,50,6,5.0500002,26,.1,0,1,9,12.5,1.15,.94,1.15,6,4,20,35,15,.1882353,.80000019,1
124,1,0,1,0,1,0,0,0,0,1,8,10,3,4.25,13,.25,0,14,2,8,15,1.0599999,.91000003,1.04,2,2,1,1,111092,,21,6,4,5.0500002,13,.5,1,3,7,15,1.16,.94,1.12,2,2,13,24,11,.1882353,.80000019,1
125,2,0,1,0,1,0,0,0,0,0,15,0,4,4.5,26,.25,0,100,1,10,12.5,.91000003,.85000002,2.3399999,3,2,1,1,111492,,0,15,2,5.0500002,52,.40000001,0,1,10,12,1.01,1.01,2.49,4,3,15,7.5,-7.5,.12222222,.55000019,1
130,3,1,1,0,1,0,0,0,0,2,7,25.5,3,4.5,19,.30000001,0,15,2,5,18,1.12,1.0700001,1,4,3,2,1,122192,6,2,38,4,5.0500002,4,.15000001,0,2,7,16,1.11,1.0599999,1.05,5,3,19.75,21,1.25,.12222222,.55000019,1
132,3,1,1,0,1,0,0,0,0,0,20,20,5,4.5,26,.25,0,80,2,0,24,1.28,1.0599999,2.3,5,3,1,1,111692,,15,20,3,5.5,52,.25,0,2,7,14,,,,2,2,30,25,-5,.12222222,1,1
133,3,1,1,0,1,0,0,0,0,0,6,16,2,4.75,26,,0,99,2,6,17,1.12,1.0700001,1.0599999,4,3,1,1,111392,,3,20,3,5.0500002,26,,0,2,7,15,1.11,1.0599999,2.1099999,5,3,14,13,-1,.063157894,.30000019,1
134,3,0,1,0,1,0,0,0,0,2,5.5,25,3,4.6199999,,,0,42,2,6,16,1.09,,.94999999,4,3,1,1,111392,,6,27.5,3,5.0500002,52,.25,0,2,6,16,1.11,1.0599999,.94,4,3,18,19.75,1.75,.093073621,.43000031,1
136,3,1,1,0,1,0,0,0,0,2,14.5,14.5,5,4.25,21,.27000001,0,5,2,6,17,1.12,1.0700001,1.1,5,4,2,0,121692,3,,,,,,,,,7,16,,,,,,21.75,,,.1882353,,0
137,3,1,1,0,0,1,0,0,0,3,15,25,3,4.25,26,.15000001,0,50,2,6,16,1.12,1.0599999,1.02,6,4,1,1,111692,1,12,30,5,5.0500002,26,.25,0,2,7,15,1.11,1.11,1.05,5,3,27.5,27,-.5,.1882353,.80000019,1
140,4,0,1,0,1,0,0,0,0,0,0,40,3,4.5,26,.37,1,25,2,10.5,11.5,.91000003,.86000001,1.0599999,2,2,1,1,111492,,5,35,5,5.6700001,4,.25,1,2,10.5,11.5,1,.94,1.05,2,2,20,22.5,2.5,.12222222,1.1700001,1
141,4,0,1,0,1,0,0,0,0,0,10,15,4,4.75,13,.27000001,1,,2,10.5,12.5,1.02,.91000003,1.0599999,2,2,1,1,111892,2,10,25,3,5.0500002,13,.18000001,1,2,10.5,12.5,1.05,.83999997,1.34,2,2,17.5,22.5,5,.063157894,.30000019,1
142,4,0,1,0,0,1,0,0,0,0,15,35,4,4.25,26,.15000001,1,,2,10,11.5,1.0599999,.94999999,1.0599999,2,2,1,1,111492,,40,31,5,5.0500002,26,.18000001,0,2,10,11.5,1.01,.88999999,1.26,2,2,32.5,55.5,23,.1882353,.80000019,1
146,1,0,1,0,0,1,0,0,0,3,8,20,5,4.8000002,26,.25,1,,2,7,16,1.0599999,1,1.0599999,4,3,1,1,111092,,0,32,4.5,5.0500002,26,.17,0,2,7,16,1.05,.99000001,1.05,4,3,18,16,-2,.052083291,.25,1
149,1,0,1,0,0,1,0,0,0,1,0,20,4,4.5,26,.27000001,0,50,3,7,16,1.0599999,.94999999,.94999999,2,1,1,1,111092,,8,10,3,5.0500002,26,.25,0,2,7,16,1.05,.94,.94,2,2,10,13,3,.12222222,.55000019,1
150,1,0,1,0,0,1,0,0,0,2,0,27.5,3.5,4.6700001,26,.27000001,1,2,2,7,16,1.23,.88999999,.88999999,3,3,2,1,123192,8,12,20,3,5.75,28,.57999998,0,2,7,15,1.11,.88,.88,3,2,13.75,22,8.25,.081370436,1.0799999,1
156,1,0,1,0,0,1,0,0,0,0,8,15,3,4.8699999,6,.25,0,0,1,7,15,1.0599999,.94999999,1.02,8,3,1,1,111092,,2,18,2,5.0500002,,.30000001,0,2,7,15,.94999999,.94,1.01,3,,15.5,11,-4.5,.036961012,.18000031,1
158,2,0,1,0,0,1,0,0,0,1,2,7,3,4.5,4,.12,0,55,1,11,10,.92000002,.69999999,2.3399999,3,3,1,1,111192,,3,4,4,5.0500002,13,.25,0,1,11,11.5,.94999999,.94,2.49,3,2,5.5,5,-.5,.12222222,.55000019,1
159,2,0,1,0,0,1,0,0,0,8,6,12,2,4.5,4,.12,0,22,1,10.5,10.5,.98000002,.85000002,2.3399999,3,3,1,1,111492,,10,5,4,5.25,13,.25,0,1,10.5,11.5,.94999999,.83999997,2.49,4,3,12,12.5,.5,.12222222,.75,1
162,3,1,1,0,0,1,0,0,0,2,0,40,3,4.75,26,.17,0,45,2,6,16.5,1.12,1.02,1.0599999,,1,1,1,111292,,3,30,3,5.0500002,26,.18000001,0,2,7,15.5,1.11,1.01,1.05,6,5,20,18,-2,.063157894,.30000019,1
166,4,0,1,0,0,1,0,0,0,0,8,32,5,4.75,26,.25,1,40,2,10.5,11.5,.94999999,.85000002,1.0599999,2,2,1,1,111392,1,0,35,4,5.0500002,26,.18000001,0,2,10.5,12.5,1.11,.83999997,1.26,2,2,24,17.5,-6.5,.063157894,.30000019,1
168,1,0,1,0,0,1,0,0,0,0,5,20,4,4.25,4,.25,1,50,1,7,15,1.0599999,.94999999,.94999999,3,3,1,1,111692,,0,32,4,5.25,10,.18000001,0,1,6,16,1.11,.94999999,1.14,3,1,15,16,1,.1882353,1,1
171,1,1,1,0,0,1,0,0,1,0,2,32,3,4.25,8,.25,0,,2,7,16,1.09,.94999999,1.04,3,3,1,1,111092,,10,12.5,5,5.0500002,4,.1,1,2,7,16,1.1799999,1.04,1.03,3,3,18,16.25,-1.75,.1882353,.80000019,1
172,1,0,1,0,0,1,0,0,0,0,0,24,5,4.75,13,.25,0,.30000001,1,9,12.5,1.12,1.02,1.0599999,5,4,1,1,111692,2,7,23,3,5.0500002,8,.18000001,0,1,9,13,1.11,1.01,1.05,6,3,12,18.5,6.5,.063157894,.30000019,1
173,1,0,1,0,0,1,0,0,0,3,6,40,10,4.8499999,26,.15000001,0,50,2,6.5,17.5,1.0599999,.94999999,.98000002,4,3,1,1,111792,1,11,30,5,5.0500002,26,.15000001,0,2,6,18,1.05,.94,1.04,4,3,26,26,0,.041237134,.20000029,1
174,1,0,1,0,0,1,0,0,1,2,11,20,4,4.75,26,.15000001,0,50,2,7,16,1.1799999,.88,.98000002,4,3,1,1,111092,,20,20,3,5.0500002,4,.2,0,2,7,16,1.05,.89999998,.98000002,3,3,21,30,9,.063157894,.30000019,1
176,1,0,1,0,0,1,0,0,0,0,15,21,4,4.6199999,13,.12,0,20,1,7,16,1.0599999,,1.05,4,4,1,1,111792,1,20,27.5,4,5.0500002,,,0,2,7,16,1.04,1.0599999,,,,25.5,33.75,8.25,.093073621,.43000031,1
178,2,1,1,0,0,1,0,0,1,0,13,12,3,4.25,52,.2,1,96,1,11,10,.91000003,.85000002,2.3399999,3,2,1,1,111191,,1,10,3,5.0500002,26,.25,1,1,11,10.5,1.01,.94,2.6400001,3,2,19,6,-13,.1882353,.80000019,1
179,2,0,1,0,0,1,0,0,0,2,2,12,3,4.25,13,.25,1,90,1,10.5,10.5,.91000003,.91000003,2.3399999,3,3,1,1,111892,3,2,10,4,5.0500002,26,.2,0,1,10.5,11,.94,.83999997,2.49,3,3,8,7,-1,.1882353,.80000019,1
180,2,0,1,0,0,1,0,0,1,0,8,3,4,4.5,26,.25,0,30,2,11,11,1.0599999,1.01,2.6600001,4,2,1,1,111192,,0,17.5,4,5.0500002,,,0,2,11,12,1.05,1.05,2.8499999,4,4,9.5,8.75,-.75,.12222222,.55000019,1
182,2,0,1,1,0,0,0,0,1,0,3,15,3,4.5,4,.25,1,100,2,11,11,1.0599999,1.01,2.6600001,4,3,1,1,111192,,0,15,3,5.0500002,26,.25,0,2,11.5,10,1.05,1,2.73,4,3,10.5,7.5,-3,.12222222,.55000019,1
183,2,0,1,0,0,1,0,0,0,0,12,4,4,4.6199999,20,.33000001,0,100,3,11,11,1.0599999,1.01,2.6600001,4,3,1,1,111892,4,15,10,2,5.0500002,13,.25,0,2,11,10.5,1.05,1,2.75,4,3,14,20,6,.093073621,.43000031,1
185,2,0,1,0,1,0,0,0,1,0,2,9,3,4.5,13,.2,0,100,2,11,10.5,1.0599999,1.01,2.6600001,4,4,1,1,111192,,2,6,3,5.0500002,26,.25,1,1,11,10.5,1.05,1,2.75,3,3,6.5,5,-1.5,.12222222,.55000019,1
186,3,0,1,0,0,1,0,0,0,3,10,20,4,4.75,26,.15000001,1,50,2,6,16,1.12,1.02,.94999999,5,3,1,1,111892,3,12,18,4,5.0500002,26,,0,2,6,16,1.17,1.0599999,.94999999,5,3,20,21,1,.063157894,.30000019,1
189,3,0,1,0,0,1,0,0,0,0,4,15,3,4.75,39,.2,0,95,2,7,15,1.12,1.0700001,1.12,4,2,1,1,111292,,0,19,3,5.0500002,52,.2,0,2,7,15,1.11,1.0599999,1.05,5,3,11.5,9.5,-2,.063157894,.30000019,1
192,4,0,1,0,0,1,0,0,0,2,20,10,4,4.8699999,26,.17,1,10,2,10,12,.91000003,.85000002,1.0599999,2,2,1,1,111392,,4.5,30,3,5.25,19,.18000001,0,2,10.5,12.5,1.05,.83999997,1.26,2,2,25,19.5,-5.5,.036961012,.38000011,1
193,4,0,1,0,0,1,0,0,1,3,1,13,3,4.5,13,.12,1,,2,10,11,.94999999,.85000002,.99000001,2,1,1,1,111792,2,4,9,3,5.0500002,26,.13,1,2,9,13,1.01,.89999998,1.26,2,1,7.5,8.5,1,.12222222,.55000019,1
195,4,0,1,0,0,1,0,0,1,3,0,30,3,4.25,26,,1,100,2,10.5,11.5,1.0599999,.85000002,1.0599999,2,2,1,1,111892,2,8,25,3,5.0500002,26,.15000001,0,2,10.5,12.5,.94,.83999997,2.1099999,2,2,15,20.5,5.5,.1882353,.80000019,1
198,1,0,1,0,0,1,0,0,0,0,,,4,4.25,4,.12,1,65,3,7,16,1.0599999,.94999999,.94999999,3,3,1,1,111792,8,10,32,4,5.0500002,26,.15000001,0,2,7,16,1.05,.94,.94,3,3,,26,,.1882353,.80000019,0
199,2,0,1,0,0,1,0,0,0,0,0,12,3,4.3499999,,.12,0,25,1,11,10,.85000002,.80000001,2.3399999,4,3,1,1,111192,,11,3,4,5.0500002,2,.44999999,,1,11,10.5,.91000003,.89999998,2.45,4,3,6,12.5,6.5,.16091956,.70000029,1
200,1,0,1,0,0,1,0,0,0,0,0,60,3,4.25,9,.2,1,15,2,6,18,1.0599999,.91000003,.98000002,4,3,1,1,111092,,5,40,4,5.0500002,52,.25,0,2,6.5,17.5,1.05,.94,.98000002,5,4,30,25,-5,.1882353,.80000019,1
201,1,0,1,0,0,1,0,0,0,0,0,33,3,4.5,26,.34999999,0,65,2,7,17,1.0599999,1.02,.94999999,3,3,1,1,111092,,16,22,3,5.0500002,26,.28,1,1,7,17,1.05,.94999999,.94999999,3,3,16.5,27,10.5,.12222222,.55000019,1
202,1,0,1,0,0,1,0,0,0,2,30,14,4,4.25,4,.37,1,15,2,6,19,1.17,.94999999,.63,3,3,1,1,111692,,13,11,4,5.0500002,4,.079999998,0,3,6,19,1.15,.94999999,.63999999,3,3,37,18.5,-18.5,.1882353,.80000019,1
203,1,0,1,0,0,1,0,0,0,2,9,12,2,4.25,26,.15000001,0,50,2,7,17,1.0599999,.94999999,.94999999,3,3,1,1,111092,,4,34,3,5.0500002,26,.18000001,0,0,7,17,1.05,.94999999,.94999999,3,2,15,21,6,.1882353,.80000019,1
204,1,0,1,0,0,1,0,0,0,0,10,8.5,4,4.25,13,.27000001,0,31,2,6.5,17.5,1.0599999,1,1.0599999,3,3,1,1,111092,,12,13.5,3,5.0500002,13,.25,0,2,6.5,17.5,1.05,.99000001,1.05,3,2,14.25,18.75,4.5,.1882353,.80000019,1
207,2,1,1,0,0,1,0,0,0,0,8,10,4,4.75,8,.25,0,25,1,11,12,1.0599999,.85000002,2.3399999,4,2,1,1,111192,,8.5,6,2,5.1999998,52,.5,1,1,11,12,1.05,.83999997,2.3199999,5,3,13,11.5,-1.5,.063157894,.44999981,1
208,3,1,1,0,0,1,0,0,0,1,12,32,4,4.6199999,26,.15000001,0,95,2,6,17,1.1900001,.94,.85000002,4,4,1,1,111792,2,5,32,3,5.0500002,26,,0,2,8,14,1.0599999,1.0599999,1.05,5,5,28,21,-7,.093073621,.43000031,1
209,3,1,1,0,0,1,0,0,0,0,4,36,4,4.25,26,.12,0,75,2,6,18,1.17,.94999999,.94999999,5,5,1,1,111192,,6,37,4,5.0500002,26,.2,0,2,7,16,1.11,1.0599999,1.05,5,5,22,24.5,2.5,.1882353,.80000019,1
210,4,1,1,0,0,1,0,0,0,3,0,19,2,4.5,13,.17,1,90,2,10.5,11.5,1.0599999,.94999999,.94999999,4,2,1,1,111392,,0,14,3,5.0500002,13,.2,0,2,10,11,,,,4,,9.5,7,-2.5,.12222222,.55000019,1
211,1,0,1,1,0,0,0,0,0,2,3,28,4,4.5,13,,0,80,2,7,15,1.02,.94999999,.94999999,3,3,1,1,111692,,2,35,4,5.0500002,4,,0,2,7,15,,.89999998,,3,2,17,19.5,2.5,.12222222,.55000019,1
212,1,0,1,1,0,0,0,0,0,0,11,17.5,3,4.5,13,.17,0,95,1,7,16,1.0599999,.88,.83999997,3,2,1,1,111092,,20,15,3,5.0500002,4,.52999997,1,2,7,16,1.05,.94,.88999999,2,2,19.75,27.5,7.75,.12222222,.55000019,1
213,1,1,1,1,0,0,0,0,0,1,4.5,20,4,4.5500002,4,.15000001,0,50,2,6.5,17.5,.95999998,.93000001,.93000001,4,3,2,1,121892,2,12,17.5,4,5.0500002,19,.15000001,1,2,6.5,17.5,1.05,.94,.94,4,3,14.5,20.75,6.25,.10989007,.5,1
214,1,0,1,1,0,0,0,0,0,0,2,30,3,4.6199999,6.5,.25,0,75,2,7,16,1.02,.88999999,.91000003,2,2,1,1,111892,1,0,35,5,5.0500002,,,0,2,6.75,16.25,1.04,.93000001,.95999998,3,2,17,17.5,.5,.093073621,.43000031,1
215,1,0,1,1,0,0,0,0,0,0,10,10,3,4.5,13,.2,0,100,2,7,16,1.0599999,.88999999,.91000003,3,3,1,1,111092,,20,10,3,5.0500002,26,.15000001,0,3,7,16,.93000001,.83999997,.93000001,3,3,15,25,10,.12222222,.55000019,1
216,2,0,1,1,0,0,0,0,0,0,2,11,3,4.25,13,.15000001,0,100,1,11,10.5,1.0599999,.94999999,2.77,4,3,1,1,111192,,2,18,3,5.0500002,13,.2,0,2,11,10.5,1.05,.94,2.75,5,3,7.5,11,3.5,.1882353,.80000019,1
217,2,1,1,1,0,0,0,0,0,0,2,13,2,4.25,13,.17,0,73,1,11,10,.94999999,.74000001,2.1900001,4,3,1,1,111192,,0,12,3,5.0500002,26,.2,0,1,10.5,10.5,.94,.73000002,2.3199999,4,4,8.5,6,-2.5,.1882353,.80000019,1
218,2,1,1,1,0,0,0,0,0,0,7,4,2,4.3499999,26,.25,0,5,1,11,10,.85000002,.74000001,2.3399999,3,2,1,1,111192,,5,3,3,5.0500002,26,.25,0,1,11,11,.94999999,.73000002,2.1900001,3,3,9,6.5,-2.5,.16091956,.70000029,1
219,2,1,1,1,0,0,0,0,0,0,3,9,3,4.25,19,.12,0,50,2,11,10,.91000003,.74000001,2.3399999,4,3,1,1,111192,,9,9,2,5.0500002,26,.18000001,0,1,10.5,10.5,.94,.73000002,2.53,,,7.5,13.5,6,.1882353,.80000019,1
220,2,0,1,1,0,0,0,0,0,4,3,15,2,4.25,13,.25,0,50,2,11,10,1.0599999,.94999999,2.77,5,3,1,1,111492,1,3,12,3,5.0500002,13,.13,0,1,11,10,1.09,.89999998,2.75,4,3,10.5,9,-1.5,.1882353,.80000019,1
221,2,0,1,1,0,0,0,0,0,0,1,28,3,4.5999999,13,.25,0,95,1,11,11,1.02,.94999999,2.5599999,4,3,1,1,111192,,1,15,3,5.0500002,13,.15000001,0,1,11,11,1.05,.94,2.53,4,3,15,8.5,-6.5,.097826108,.45000029,1
222,3,1,1,1,0,0,0,0,0,3,2,24,3,4.25,13,.25,0,75,2,9,12.5,1.12,.85000002,1.0599999,3,1,1,1,111192,,2,15,3,5.0500002,26,.2,0,2,10,11.5,1.01,1.01,.88999999,3,1,14,9.5,-4.5,.1882353,.80000019,1
223,3,1,1,1,0,0,0,0,0,2,3,18,3,4.75,13,.25,0,30,2,6,16,,,,3,2,2,1,121892,2,3,20,3,5.0500002,28,.25,0,2,7,15,1.01,1.01,.94,3,2,12,13,1,.063157894,.30000019,1
225,3,1,1,1,0,0,0,0,0,0,3,27,3,4.75,13,.2,0,25,2,6,17,1.0599999,.91000003,.91000003,6,3,1,1,111192,,12,25,4,5.0500002,4,.1,0,2,6,17,1.01,1.01,.94,5,3,16.5,24.5,8,.063157894,.30000019,1
226,4,0,1,1,0,0,0,0,0,0,0,22,2,4.25,13,.25,0,60,1,10.5,11.5,.94999999,.70999998,.94999999,2,2,1,1,111792,1,0,26,2,5.3000002,52,.15000001,0,1,10.5,10.5,1,.85000002,.94,2,2,11,13,2,.1882353,1.0500002,1
228,4,0,1,1,0,0,0,0,0,0,3,28.5,3,4.5,13,.2,1,20,3,10.5,12.5,.94999999,.86000001,.94999999,2,2,1,1,111392,,11,19,3,5.0500002,,,0,1,10.5,12.5,1,.83999997,.88999999,2,,17.25,20.5,3.25,.12222222,.55000019,1
229,1,0,1,0,0,1,0,0,0,2,3,40,3,4.5,26,.1,0,30,2,8.5,13.5,.94999999,.94999999,1.0599999,5,4,1,1,111692,,22,11,3,5.5,26,.15000001,1,2,8.5,13.5,1.01,.94,.94,4,3,23,27.5,4.5,.12222222,1,1
230,1,0,1,0,0,1,0,0,0,0,0,25,3,4.25,26,.1,0,60,1,7,17,1.02,.94999999,.94999999,3,2,1,1,111692,,15,17,3,5.0500002,26,.18000001,0,1,7,17,1.05,.94,.94,3,2,12.5,23.5,11,.1882353,.80000019,1
232,1,0,1,0,0,1,0,0,0,3,18,6,3,4.75,26,.12,1,46,3,7,16,1.0599999,.94999999,.94999999,3,3,1,1,111892,3,18,10,4,5.0500002,13,.25,0,2,7,15,1.05,.94999999,.94999999,3,2,21,23,2,.063157894,.30000019,1
233,1,0,1,0,0,1,0,0,0,0,19,7,3,4.6500001,13,.31999999,0,10,2,7,16,1.17,.94999999,.94999999,2,2,1,1,111092,,15,7,3,5.0500002,26,.25,0,2,7,16,1.05,.94,.94,2,2,22.5,18.5,-4,.086021483,.4000001,1
235,1,0,1,0,0,1,0,0,0,2,5,17,1,4.25,26,.20999999,0,100,2,7,16,1.02,.94999999,1.04,3,2,2,1,121592,4,,28,3,5.0500002,28,.5,1,2,8,15,1.11,1.11,1.03,4,2,13.5,,,.1882353,.80000019,0
237,1,0,1,0,0,1,0,0,0,2,12,11,4,4.25,13,.25,0,50,2,7,16,1.11,.94999999,1.01,2,2,1,1,110992,,9,17,4,5.0500002,4,.2,0,2,7,15.5,.94,.94,1,2,2,17.5,17.5,0,.1882353,.80000019,1
238,2,1,1,0,0,1,0,0,0,2,0,22,3,4.75,9,.12,0,100,1,11,12,1.0599999,1.02,2.3399999,5,3,1,1,111192,,25,15,5,5.0500002,13,.25,1,1,11,12,1.05,1.05,2.3199999,5,3,11,32.5,21.5,.063157894,.30000019,1
239,2,0,1,0,0,1,0,0,0,1,15,4,3,4.25,13,.25,0,35,1,10.5,13.5,1.05,.94999999,2.74,5,3,1,1,111292,,0,19,2,5.0500002,26,.28,0,1,10.5,12.5,1.05,.83999997,2.3199999,5,3,17,9.5,-7.5,.1882353,.80000019,1
243,3,1,1,0,0,1,0,0,0,0,7,25,3,4.5,8,.25,0,40,2,6,16.5,1.0700001,1.02,.74000001,6,3,1,1,111192,,7,22,3,5.0500002,26,.1,0,2,7,15.5,1.11,1.0599999,1.05,6,2,19.5,18,-1.5,.12222222,.55000019,1
244,3,1,1,0,0,1,0,0,0,3,12,30,3,4.25,4,.25,0,40,2,6,18,1.17,1.12,1.02,4,3,1,1,111192,,16,12,6,5.0500002,26,.25,0,2,7,17,1.11,1.12,1.05,5,3,27,22,-5,.1882353,.80000019,1
247,4,0,1,0,0,1,0,0,0,3,0,40,4,4.5,13,.1,0,75,2,10.5,15.5,1.0599999,1.05,1.0599999,2,2,2,1,121792,7,0,40,4,5.0500002,,,1,2,10.5,15.5,1.11,1.09,2.0699999,2,2,20,20,0,.12222222,.55000019,1
248,4,0,1,0,0,1,0,0,0,2,8,16,6,4.75,13,.37,0,,2,10,16,1.17,.94999999,.85000002,2,2,1,1,111392,,10,14,6,5.0500002,26,.25,0,2,10,16,1.37,.94999999,2.03,2,1,16,17,1,.063157894,.30000019,1
249,1,0,1,1,0,0,0,0,1,1,6,6,4,4.3699999,4,.25,0,63,1,7,15,1.13,1.0599999,.94999999,3,2,1,1,110992,,10,12,3,5.0500002,4,.1,0,1,7,15,1.01,1.01,.94,3,2,9,16,7,.15560643,.68000031,1
250,2,1,1,1,0,0,0,0,1,2,1,4,2,4.5,13,.30000001,0,100,1,11,10,.85000002,,,4,1,1,1,111292,,2,4,3,5.0500002,6,.25,0,1,11,10,.94,.83999997,2.52,5,3,3,4,1,.12222222,.55000019,1
253,3,1,1,1,0,0,0,0,0,0,7,7,3,4.8699999,52,,0,,2,7,13,1.23,1.0599999,2.3,2,2,1,1,111192,,4,8,6,5.0500002,52,.23,,2,7,16,1.23,1.11,2.28,3,2,10.5,8,-2.5,.036961012,.18000031,1
257,1,0,1,1,0,0,0,0,1,2,20,10,3,4.25,39,.2,0,10,2,7,16,1.02,.88,.91000003,2,2,2,2,121492,2,,,,,,,,,,,,,,,,25,,,.1882353,,0
258,1,0,1,1,0,0,0,0,0,0,4,22,3,4.25,8,.15000001,0,38,2,7,16,1.0599999,.92000002,.89999998,3,3,1,1,110992,,20,18,3,5.0500002,13,,0,2,6,18,1.08,.94,.83999997,3,3,15,29,14,.1882353,.80000019,1
260,1,1,1,1,0,0,0,0,0,2,10,20,4,4.25,4,.17,1,100,2,7,16,1.0599999,.93000001,.88,4,2,1,1,110992,,4,26,5,5.0500002,8,.28,0,2,7,16,1.09,.94,.93000001,3,3,20,17,-3,.1882353,.80000019,1
262,1,0,1,1,0,0,0,0,0,0,7,13,3,4.25,13,.25,0,78,2,6.5,16.5,1.0599999,.94999999,1.0599999,4,4,1,1,110992,,0,22.5,3,5.0500002,,.25,0,2,6.5,17.5,1.08,1.02,.87,3,3,13.5,11.25,-2.25,.1882353,.80000019,1
264,1,0,1,1,0,0,0,0,0,5,0,10,2,4.25,13,.25,1,60,3,7,15,1.02,.88,.91000003,2,2,2,1,121492,2,0,23,5,5.0500002,14,,0,2,7,16,1.05,1.11,.94,3,3,5,11.5,6.5,.1882353,.80000019,1
265,1,0,1,1,0,0,0,0,0,3,0,20,1,4.25,26,.15000001,0,100,2,7,16,1.02,.88,.94,3,3,2,3,121492,1,0,0,0,,,,,,,,,,,,,10,0,-10,.1882353,,0
267,1,0,1,1,0,0,0,0,0,0,6.5,20,3,4.25,26,.22,0,80,2,7,16,.89999998,.80000001,.80000001,3,2,1,1,110992,,30,25,5,5.0500002,26,.2,0,3,7,16,1.05,.88,.91000003,3,2,16.5,42.5,26,.1882353,.80000019,1
269,2,1,1,1,0,0,0,0,0,0,2,10,3,4.4499998,13,.12,0,33,2,11,10,.94999999,.69,1.5,4,3,1,1,111892,3,10,3,4,5.0500002,26,.17,0,2,11,11,.94,.73000002,2.3199999,4,3,7,11.5,4.5,.1348315,.60000038,1
273,2,1,1,1,0,0,0,0,0,0,2,14,4,4.6199999,13,.2,0,95,1,11,10,.94999999,.74000001,2.3399999,4,3,1,1,111792,2,2,11,3,5.0500002,6,.18000001,0,1,11,10,.94999999,.74000001,2.3199999,4,3,9,7.5,-1.5,.093073621,.43000031,1
275,2,1,1,1,0,0,0,0,0,0,4,4,4,4.25,9,.25,0,38,2,11,11,.94999999,.79000002,2.3399999,4,3,1,1,111492,2,1,8,2,5.0500002,13,.38999999,0,1,11,10.5,.94,.73000002,2.3199999,4,2,6,5,-1,.1882353,.80000019,1
277,2,1,1,1,0,0,0,0,0,0,2,15,3,4.25,9,.25,0,10,3,11,10,.94999999,.85000002,2.3399999,3,3,1,1,111492,1,1,14,3,5.0500002,,,0,1,11,10,.94,.73000002,2.3199999,3,3,9.5,8,-1.5,.1882353,.80000019,1
278,2,1,1,1,0,0,0,0,0,0,3,4,3,4.25,3,.25,0,43,2,11,10,.94999999,.74000001,2.1900001,4,3,1,1,111392,,0,9,4,5.0500002,,,0,1,11,11,.94999999,.73000002,2.3199999,5,3,5,4.5,-.5,.1882353,.80000019,1
282,3,1,1,1,0,0,0,0,0,2,2,14,3,4.25,13,.13,0,25,2,6,16,1.0599999,.91000003,.79000002,4,3,2,3,121492,1,0,0,0,,,,,,,,,,,,,9,0,-9,.1882353,,0
284,3,1,1,1,0,0,0,0,0,1,5,23,4,4.5,13,.25,1,88,2,6,16,1.02,.91000003,.91000003,5,4,1,1,111692,1,6,12,3,5.0500002,26,.28,0,2,6,16,1.01,1.01,.94,4,3,16.5,12,-4.5,.12222222,.55000019,1
285,3,1,1,1,0,0,0,0,0,1,3,25,3,4.75,4,.25,0,70,2,6,16,1.02,.91000003,.80000001,4,2,1,1,111292,,3,15,3,5.0500002,52,.13,0,2,6,16,1.01,1.01,1.01,4,2,15.5,10.5,-5,.063157894,.30000019,1
286,3,1,1,1,0,0,0,0,0,4,1,15,3,4.75,13,.25,0,66,2,10,11.5,1.12,,.94999999,2,1,1,1,111692,1,2,15,3,5.0500002,26,.18000001,0,2,10,11.5,1.02,1.01,.94,2,1,8.5,9.5,1,.063157894,.30000019,1
287,3,1,1,1,0,0,0,0,0,2,3,18,3,4.5,13,.17,0,70,2,6,16,1.0599999,.91000003,.94999999,5,3,1,1,111292,,2,15,3,5.0500002,4,.15000001,0,2,6,16,1.01,1.01,.94,5,3,12,9.5,-2.5,.12222222,.55000019,1
288,3,1,1,1,0,0,0,0,0,3,0,20,3,4.75,,.25,0,15,2,6,16,1.02,.94999999,.94999999,6,4,1,1,111292,,5,9,3,5.0500002,19,.15000001,0,2,6,16,1.01,1.01,.88999999,5,2,10,9.5,-.5,.063157894,.30000019,1
289,3,1,1,1,0,0,0,0,0,2,2,12,2,4.25,13,.2,0,50,2,6,16,1.02,.94999999,.94999999,5,3,1,1,111292,,3,10,2,5.0500002,26,.25,0,2,7,15,1.01,1.01,2,6,3,8,8,0,.1882353,.80000019,1
290,4,0,1,1,0,0,0,0,0,1,8,12,3,4.75,26,.1,0,35,3,10.5,12.5,.94999999,.88999999,.94999999,2,2,1,1,111392,1,0,23,2,5.0500002,,,0,1,10.5,11.5,1,.85000002,.94,2,2,14,11.5,-2.5,.063157894,.30000019,1
291,4,0,1,1,0,0,0,0,0,0,4,20,3,4.5500002,16,.12,0,25,1,10.5,11.5,.94999999,.86000001,.94999999,2,2,1,1,111392,,5,16,3,5.0999999,17,.1,1,2,10.5,11.5,1,.85000002,.94,2,2,14,13,-1,.10989007,.54999971,1
292,4,0,1,1,0,0,0,0,1,2,10,15,3,4.8000002,26,.12,0,2,1,7,16,.94999999,.92000002,.94999999,2,1,1,1,111392,,15,11,3,5.0500002,52,.25,1,1,7,16,1,.83999997,2.6900001,2,2,17.5,20.5,3,.052083291,.25,1
295,1,0,1,0,0,1,0,0,0,3,8,9,3,4.75,26,.12,0,100,2,6.5,16.5,1.0599999,.94999999,.94999999,3,3,2,1,121592,1,,21,4,5.0500002,28,.18000001,0,2,6,18,1.05,.94,.94,3,3,12.5,,,.063157894,.30000019,0
297,1,1,1,0,0,1,0,0,0,1,9,15,3,4.25,13,.050000001,0,100,2,7,16,1.0599999,.91000003,.98000002,3,3,1,1,111792,2,15,30,4,5.0500002,26,.15000001,0,2,7,16,1.05,.94,.98000002,3,2,16.5,30,13.5,.1882353,.80000019,1
303,3,1,1,0,0,1,0,0,0,0,10,35,3,4.3499999,26,.27000001,1,28,2,6,17,1.12,1,1.02,6,5,1,1,111692,,12,35,3,5.0500002,13,.15000001,0,2,7,16,1.05,1.05,1.05,5,3,27.5,29.5,2,.16091956,.70000029,1
304,3,0,1,0,0,1,0,0,0,3,10,20,3,4.5,26,.37,0,50,2,6,17,1.27,1.27,2.24,5,3,1,1,111292,,10,15,4,5.0500002,26,.38,1,1,0,24,1.4,1.29,1.05,5,5,20,17.5,-2.5,.12222222,.55000019,1
305,3,1,1,0,0,1,0,0,0,2,0,20,3,4.3899999,,,0,,2,6,17,1.27,1.27,1.0599999,5,4,1,1,111792,1,5,22,4,5.0500002,2,.34999999,0,1,6,18,1.37,1.3099999,1.05,5,4,10,16,6,.15034172,.66000032,1
307,3,1,1,0,0,1,0,0,0,0,17.5,17.5,4,4.25,15,.5,0,90,2,6,18,1.1900001,1.1900001,1.0599999,5,5,1,1,111892,1,25,25,6,5.1999998,,,0,2,0,24,1.26,,1.05,5,5,26.25,37.5,11.25,.1882353,.94999981,1
310,4,0,1,0,0,1,0,0,0,2,0,28,4,4.25,13,.25,1,61,2,10.5,11.5,.91000003,.91000003,1.9400001,2,1,1,1,111392,,3,23,3,5.0500002,26,.30000001,0,2,10.5,11.5,.97000003,.89999998,2.0599999,2,2,14,14.5,.5,.1882353,.80000019,1
312,1,0,1,1,0,0,0,0,1,3,4,6,3,4.25,10,.22,0,100,1,8,11,1.22,1.0599999,.93000001,3,1,1,1,110992,,3,2,3,5.0500002,4,.25,0,1,9,10,1.26,1.05,1.02,3,1,7,4,-3,.1882353,.80000019,1
313,1,0,1,1,0,0,0,0,1,0,11,9,4,4.5,4,.25,0,80,1,7,15,1.0599999,.93000001,.94,3,2,1,1,110992,,0,30,,5.0500002,8,.25,0,1,7,15,1,1.01,.88999999,3,3,15.5,15,-.5,.12222222,.55000019,0
314,1,0,1,1,0,0,0,0,1,8,8,12,3,4.6199999,4,.25,0,80,1,7,15,1.0599999,.94999999,.91000003,3,2,1,1,110992,,15,6,4,5.25,13,.15000001,0,1,6,16,1.05,.74000001,.94,3,3,14,18,4,.093073621,.63000011,1
316,1,1,1,1,0,0,0,0,1,0,15,15,3,4.6199999,8,.25,0,10,2,7,16,1.0599999,.92000002,.87,3,2,1,1,111692,,12,14,3,5.0500002,26,.15000001,1,2,7,16,1.05,.94,.94,,,22.5,19,-3.5,.093073621,.43000031,1
317,1,0,1,1,0,0,0,0,1,3,0,8,2,4.25,13,.17,0,100,1,8,12,1.22,.93000001,.95999998,3,1,1,1,111792,1,4,0,3,5.0500002,8,.13,0,1,8,10.5,1.26,1.05,1.05,2,1,4,4,0,.1882353,.80000019,1
318,2,0,1,1,0,0,0,0,1,3,5,7,3,4.75,13,.25,1,36,2,11,12,1.23,.98000002,2.6099999,3,3,1,1,111292,,7,6,4,5.0500002,13,.5,1,1,10.5,11.5,1.11,.94999999,2.5899999,3,3,8.5,10,1.5,.063157894,.30000019,1
319,2,0,1,1,0,0,0,0,1,2,0,11,3,4.6199999,2.5,.12,1,,2,10.5,12.5,1.0599999,.85000002,3.95,,,1,1,111292,,22,4,3,5.0500002,13,.25,1,1,10.5,11.5,.94999999,.89999998,2.4300001,4,3,5.5,24,18.5,.093073621,.43000031,1
322,3,1,1,1,0,0,0,0,1,0,8,13,4,4.75,13,.15000001,0,25,2,6,16,1.0599999,1.0599999,1.02,6,2,1,1,111692,1,12,5,4,5.0500002,13,,0,2,7,15,.95999998,1.01,.94,6,3,14.5,14.5,0,.063157894,.30000019,1
325,3,1,1,1,0,0,0,0,1,0,4,15,4,4.5,10,.25,0,50,2,6,15,1.09,1.0599999,.79000002,6,3,1,1,111692,,1,15,3,5.0500002,26,.1,0,2,7,15,1.02,1.01,1.01,6,3,11.5,8.5,-3,.12222222,.55000019,1
333,1,0,1,0,1,0,0,0,0,0,2,16.5,4,4.25,13,.2,0,100,2,7,15,1.02,.88,.81999999,4,,1,1,110992,,3,20,3,5.0500002,13,.18000001,0,2,7,15,1.04,.87,.87,3,3,10.25,13,2.75,.1882353,.80000019,1
336,1,0,1,1,0,0,0,0,0,2,28,12,4,4.5,4,.2,0,80,2,7,15,1.02,.91000003,.93000001,3,2,1,1,110992,,10,20,5,5.0500002,6,.2,0,2,6,16,.94999999,1.05,.94,3,3,34,20,-14,.12222222,.55000019,1
337,1,1,1,1,0,0,0,0,0,0,5,29.5,5,4.8699999,,.30000001,0,90,3,7,17,1.0599999,.93000001,.93000001,4,3,1,1,110992,,25,5,3,5.0500002,26,,0,2,7,17,,,,,,19.75,27.5,7.75,.036961012,.18000031,1
339,1,1,1,1,0,0,0,0,0,2,18,6,2,4.25,26,.37,0,70,3,7,16,1.0599999,.85000002,.94999999,3,3,1,1,111692,,5,9,2,5.0500002,13,.25,1,1,7,16,.94999999,.94999999,.94999999,3,3,21,9.5,-11.5,.1882353,.80000019,1
340,1,0,1,1,0,0,0,0,0,3,6,30,3,4.25,26,.1,0,30,2,7.5,14.5,.95999998,.94999999,.85000002,5,4,1,1,111692,,15,17,2,5.0500002,8,.15000001,0,2,6,16,1.05,.83999997,.83999997,5,4,21,23.5,2.5,.1882353,.80000019,1
341,2,1,1,1,0,0,0,0,0,0,2,7,2,4.6199999,4,.25,0,33,1,11,9.5,.94999999,.74000001,2.3399999,3,3,1,1,111492,,3,7,3,5.0500002,,,0,1,11,11,.89999998,.83999997,2.3199999,4,2,5.5,6.5,1,.093073621,.43000031,1
343,2,1,1,1,0,0,0,0,0,0,10,6,2,4.75,26,.25,0,43,2,11,10.5,.94999999,.74000001,2.3399999,4,3,1,1,111892,4,4,11,2,5.0500002,6,.15000001,0,2,11,12,.94999999,.85000002,2.3199999,4,3,13,9.5,-3.5,.063157894,.30000019,1
346,2,1,1,1,0,0,0,0,0,0,2,10.5,2,4.25,19,.2,0,,2,11,10,.94999999,,,4,3,1,1,111292,,3,12,3,,,,0,1,11,11,.85000002,,,,,7.25,9,1.75,.1882353,,0
348,3,1,1,0,1,0,0,0,0,0,3,10.5,3,4.25,13,.2,0,75,2,10.5,10.5,1.02,1.0599999,.94999999,3,2,2,3,121892,1,0,0,0,,,,,,,,,,,,,8.25,0,-8.25,.1882353,,0
350,3,1,1,1,0,0,0,0,0,0,8,9,4,4.75,13,.37,0,60,2,6,16,1.0599999,.91000003,1.12,5,,1,1,111892,1,5,20,2,5.0500002,13,.23,0,2,6,17,1.01,1.01,.88999999,5,4,12.5,15,2.5,.063157894,.30000019,1
351,3,1,1,1,0,0,0,0,0,1,2,27.5,3,4.25,,,0,,2,6,16,1.02,.89999998,.94999999,4,3,1,1,111792,2,10,20,4,5.0500002,52,.52999997,0,2,6,16,1.01,1.01,.73000002,4,2,15.75,20,4.25,.1882353,.80000019,1
352,3,1,1,0,0,1,0,0,0,0,0,19,4,4.75,8,.25,0,50,2,10,11.5,1.12,.91000003,.99000001,2,2,2,5,122392,9,,,,,,,,,,,.94999999,.94999999,.88999999,,,9.5,,,.063157894,,0
353,3,1,1,1,0,0,0,0,0,0,7.5,22.5,3,4.3699999,13,.22,0,90,2,6,16,1.0700001,.85000002,.94999999,5,3,2,1,121492,4,,31,4,5.0500002,28,,0,2,6,16,1.01,1.01,.88999999,3,3,18.75,,,.15560643,.68000031,0
355,4,0,1,0,1,0,0,0,0,0,2,17,3,4.8699999,26,.15000001,1,100,1,10.5,11.5,.94999999,.92000002,.94999999,2,2,1,1,111392,,3,17,2,,,,0,1,10.5,11.5,1,.85000002,.88999999,2,2,10.5,11.5,1,.036961012,,0
359,1,1,1,1,0,0,0,0,0,1,0,22,4,4.25,26,.17,0,100,2,7,15,1.02,.85000002,.81999999,3,3,1,1,111692,,0,26,4,5.0500002,26,.25,0,2,7,16,1.05,.87,.81999999,3,2,11,13,2,.1882353,.80000019,1
360,1,0,1,1,0,0,0,0,0,0,3,25,2,4.25,13,.15000001,1,100,2,7,15,1.0599999,.83999997,.88999999,3,3,1,1,111692,,5,32,7,5.0500002,4,.25,0,2,7,16,1.05,.87,.81999999,3,3,15.5,21,5.5,.1882353,.80000019,1
361,1,0,1,1,0,0,0,0,0,0,6,13,5,4.25,26,.22,0,100,2,7,16,1.02,.91000003,.85000002,3,3,1,1,110792,,4,23,6,5.0500002,26,.18000001,0,2,7,16,.89999998,.93000001,.92000002,3,2,12.5,15.5,3,.1882353,.80000019,1
362,2,0,1,1,0,0,0,0,0,0,6,13,,4.25,13,.66000003,1,100,2,10.5,12.5,1.0599999,.81,2.45,5,3,1,1,111292,,24,4,4,5.0500002,13,.18000001,0,1,10.5,12.5,1.05,.83999997,2.4300001,5,3,12.5,26,13.5,.1882353,.80000019,0
363,2,0,1,1,0,0,0,0,0,2,0,25,3,4.25,18,.18000001,0,75,2,10.5,12.5,1.0599999,.80000001,2.45,4,3,1,1,111292,,14,7,2,5.1999998,4,.13,0,2,10.5,12.5,1.01,.80000001,2.4300001,4,4,12.5,17.5,5,.1882353,.94999981,1
364,2,0,1,1,0,0,0,0,0,3,3.5,20,3,4.25,13,.12,1,,2,11,12,.94999999,.85000002,2.45,4,4,1,1,111492,,1,30,4,5.0500002,52,.25,0,1,10.5,12.5,1.05,.83999997,2.4300001,5,3,13.5,16,2.5,.1882353,.80000019,1
366,3,0,1,1,0,0,0,0,0,3,2,17,3,4.5,13,.25,0,50,2,10.5,11.5,1.02,.91000003,.63,5,4,1,1,111892,1,1,19,4,5.0500002,13,.25,0,2,10.5,11.5,1.01,.89999998,.63,4,3,10.5,10.5,0,.12222222,.55000019,1
368,4,0,1,1,0,0,0,0,0,1,0,20,3,4.25,13,.15000001,0,20,3,10.5,12.5,.88999999,.86000001,.94999999,2,1,1,1,111392,,0,25,2,5.0500002,19,.15000001,0,1,10.5,11.5,1,.85000002,.94999999,2,2,10,12.5,2.5,.1882353,.80000019,1
369,1,1,1,0,0,1,0,0,0,1,0,15,4,4.3499999,18,.12,0,87,2,7,15,1.17,1.0599999,1.17,3,2,2,3,120992,,0,0,0,,,,,,,,,,,,,7.5,0,-7.5,.16091956,,0
370,1,0,1,0,0,1,0,0,0,0,20,11.5,3.3,4.8499999,18,.25,0,80,3,7,16,1.0599999,.94999999,.94999999,3,2,1,1,110792,,26,5,3,5.0500002,,.1,1,3,7,16,,,,3,2,25.75,28.5,2.75,.041237134,.20000029,1
376,1,0,1,0,0,1,0,0,0,3,4,10,4,4.5,13,.1,0,,2,8,14,.94999999,.94999999,.95999998,8,4,1,1,111792,2,0,17,3,5.0500002,15,.2,1,2,8,14,1.26,1.01,1,3,3,9,8.5,-.5,.12222222,.55000019,1
377,1,0,1,0,0,1,0,0,0,3,12,6,3,4.25,26,.15000001,1,90,2,8,14,1.0599999,.94999999,.94999999,3,2,1,1,110792,,11,12,3,5.0500002,26,.2,0,2,8,14,1.05,.94999999,.94,3,1,15,17,2,.1882353,.80000019,1
379,1,0,1,0,0,1,0,0,0,0,20,12,4,4.6199999,26,.17,0,30,3,7,16,1.0599999,1.0599999,.94999999,3,2,1,1,111792,1,28,6,3,5.0500002,52,.15000001,1,1,7,16,1.0599999,1.0599999,1.0599999,3,2,26,31,5,.093073621,.43000031,1
380,1,0,1,0,0,1,0,0,0,0,10,15,3,4.5,52,.2,0,50,3,7,16,1.0599999,.94999999,.94999999,3,2,1,1,110792,,15,14,3,5.0500002,26,.13,0,1,7,16,1.05,.94,.94,3,2,17.5,22,4.5,.12222222,.55000019,1
383,1,0,1,0,0,1,0,0,0,3,6,4,2,4.5,26,.25,0,30,1,7,16,1.15,.94999999,.94999999,2,2,1,1,111892,2,7,2,2,5.0500002,26,.38,0,1,7,16,1.16,1.01,1.05,2,2,8,8,0,.12222222,.55000019,1
384,1,0,1,0,0,1,0,0,0,3,,,3,4.6500001,26,.25,0,,2,7,16,1.0599999,.94999999,.94999999,3,2,1,1,110792,,0,30,3,5.0500002,26,.1,0,3,7,16,1.05,1.05,.88999999,3,2,,15,,.086021483,.4000001,0
385,1,0,1,0,0,1,0,0,0,2,16,14,3,4.25,,.15000001,1,25,1,7,17,,,,3,2,2,1,120992,4,15,14,3,5.0500002,28,.1,0,2,7,17,1.16,1.22,.41,3,3,23,22,-1,.1882353,.80000019,1
386,1,0,1,0,0,1,0,0,0,0,0,19,3,4.25,39,.25,0,,1,7,17,1.0599999,.94999999,.94999999,3,2,1,1,111692,,14,10,4,5.0500002,26,.25,0,1,7,17,1.05,.94999999,.94999999,4,2,9.5,19,9.5,.1882353,.80000019,1
391,2,0,1,0,0,1,0,0,0,3,15,5,2,4.25,6,.12,0,12,2,11,10,1.0599999,1.0599999,2.6600001,3,3,1,1,111492,2,12,7,2,5.0500002,,,0,2,11,10,1.05,1.05,2.6400001,4,3,17.5,15.5,-2,.1882353,.80000019,1
393,2,1,1,0,0,1,0,0,0,4,4,10,3,4.6199999,2,.25,0,100,2,11,11,1.17,1.27,2.77,3,2,1,1,111792,3,18,4,3,5.25,13,.25,1,1,11,11,1.16,1.26,2.75,3,2,9,20,11,.093073621,.63000011,1
396,3,1,1,0,0,1,0,0,0,1,24,16,4,4.8699999,9,.37,0,10,2,6,17,1.27,1.0700001,2.1300001,5,3,1,1,111192,,8,30,3,5.4000001,26,.1,0,2,7,16,1.11,1.05,1.05,5,3,32,23,-9,.036961012,.53000021,1
397,3,1,1,0,0,1,0,0,0,2,4,28,3,4.25,52,.62,0,85,2,6,17,1.12,1.02,1.0599999,4,3,2,1,122892,9,6,15,3,5.0500002,52,.23999999,0,2,6,17,1.17,1.0599999,2.1099999,4,3,18,13.5,-4.5,.1882353,.80000019,1
398,3,1,1,0,0,1,0,0,0,1,14,13,4,4.75,13,.15000001,0,25,2,6,17,1.12,1.0599999,1.0599999,5,4,2,1,121092,2,25,15,3,5.0500002,28,,0,2,6,17,1.11,1.0599999,1.05,5,3,20.5,32.5,12,.063157894,.30000019,1
399,3,1,1,0,0,1,0,0,0,0,13,8,3,4.8699999,18,.30000001,1,,2,6,17,1.27,1.04,1.12,7,3,1,1,111192,,18,18,4,5.0500002,26,.23,0,2,7,16,1.26,1.08,1.05,7,4,17,27,10,.036961012,.18000031,1
400,3,1,1,0,0,1,0,0,0,0,16,15,3,4.5,39,.5,0,50,3,6,17,1.2,1.0599999,1.0599999,5,5,1,1,111192,,8,24,3,5.0500002,41,.15000001,0,2,7,16,1.17,1.01,1.05,5,3,23.5,20,-3.5,.12222222,.55000019,1
401,3,0,1,0,0,1,0,0,0,0,8,6,4,4.25,13,.17,1,18,2,7,16,1.12,1.02,1.02,6,4,1,1,111792,2,5,27,4,5.0500002,26,.15000001,0,2,6,16,1.12,1.05,1.05,6,4,11,18.5,7.5,.1882353,.80000019,1
402,3,1,1,0,0,1,0,0,0,2,11,10,3,4.75,26,.25,0,20,2,6,16,1.12,1.02,1.0599999,4,2,1,1,111692,,17,5,2,5.0500002,26,.13,0,2,7,15,1.11,1.05,1.05,4,1,16,19.5,3.5,.063157894,.30000019,1
405,3,1,1,0,0,1,0,0,0,3,6,17,3,4.3200002,26,.12,0,57,2,6,17,1.12,1.02,1.0599999,7,4,1,1,111692,,1.5,15,3,5.0500002,26,.15000001,0,2,7,16,1.12,1.01,1.05,6,3,14.5,9,-5.5,.16898143,.73000002,1
410,1,0,1,0,0,1,0,0,0,0,0,35,3,4.25,26,.1,0,,3,7,16,1.04,1.12,1.02,4,3,1,1,111692,,0,35,3,5.0500002,26,.1,1,2,7,16,1.1900001,.98000002,1.01,4,3,17.5,17.5,0,.1882353,.80000019,1
411,1,0,1,0,0,1,0,0,0,1,0,36,3,4.5,26,.1,0,100,2,7,16,1.16,1.02,1.09,5,4,1,1,111692,,4,36,3,5.0500002,4,.13,1,2,7,16,1.15,1.01,1.01,5,4,18,22,4,.12222222,.55000019,1
412,2,0,1,0,1,0,0,0,0,0,0,17,2,4.5,,.37,0,18,1,11,11,1.0599999,1.02,2.3399999,5,2,1,1,111292,,0,13,2,5.0500002,,,0,1,11,11,1.15,1.05,2.6400001,5,3,8.5,6.5,-2,.12222222,.55000019,1
413,1,0,1,0,0,1,0,0,0,0,0,36,5,4.25,9,.5,0,100,1,6,17,1.12,1.02,1.0599999,4,3,1,1,110792,,0,20,3,5.0500002,26,.13,1,1,7,17,1.11,1.01,1.05,4,2,18,10,-8,.1882353,.80000019,1
414,1,0,1,0,0,1,0,0,0,0,0,36,5,4.25,26,,0,45,1,7,16,1.0599999,.94999999,1.11,4,2,1,1,111692,,13,9,4,5.0500002,26,.38,1,3,7,16,1.15,.94999999,1.13,4,3,18,17.5,-.5,.1882353,.80000019,1
415,1,0,1,0,0,1,0,0,0,0,8,32,5,4.25,9,,1,65,2,7,16,1.0599999,.91000003,.98000002,5,3,1,1,110792,,0,38,4,5.0500002,52,,0,2,7,16,1.05,.89999998,1.04,4,2,24,19,-5,.1882353,.80000019,1
417,1,1,1,0,0,1,0,0,0,0,4,28,3,4.25,13,.2,1,90,2,7,16,1.05,.94,1.0700001,4,4,1,1,110992,,13,17,4,5.0500002,26,.15000001,1,3,7,16,1.11,1.09,1,3,2,18,21.5,3.5,.1882353,.80000019,1
418,1,0,1,0,0,1,0,0,0,2,30,15,4,4.25,26,.1,1,10,2,8,15,1.02,1.01,.51999998,4,3,1,1,110992,,0,35,4,5.0500002,26,.15000001,0,2,7,16,1.03,.89999998,.58999997,3,3,37.5,17.5,-20,.1882353,.80000019,1
419,2,1,1,0,0,1,0,0,0,4,3,10,4,4.25,,.5,0,15,2,11,11,1.0599999,.85000002,2.3399999,4,4,2,1,121592,4,5,5,2,5.0500002,,,0,1,11,11,1.05,.83999997,2.53,4,3,8,7.5,-.5,.1882353,.80000019,1
421,2,1,1,0,0,1,0,0,0,3,20,10,8,4.6199999,4,.37,0,10,2,10.5,13,1.0599999,.85000002,2.3399999,4,2,1,1,111792,3,25,7,8,5.0500002,4,1,0,2,10.5,13,1.05,.83999997,2.3199999,4,2,25,28.5,3.5,.093073621,.43000031,1
422,2,0,1,0,0,1,0,0,0,2,0,7,3,4.75,,.25,0,,2,10,11,1.0599999,.85000002,2.3399999,4,2,1,1,111492,2,5,10,6,5.0500002,,,0,1,11,11,1.01,.83999997,2.3199999,4,4,3.5,10,6.5,.063157894,.30000019,1
423,2,1,1,0,0,1,0,0,0,3,2,10,2,4.9499998,13,.5,1,33,1,11,12,1.0599999,.85000002,2.3399999,3,2,1,1,111492,1,19,3.5,3,5.25,13,.5,0,1,11,11,1.05,.83999997,2.3199999,3,2,7,20.75,13.75,.020202059,.30000019,1
424,2,1,1,0,0,1,0,0,0,0,3.5,6.5,3,4.75,13,.25,0,45,1,11,11,1.0599999,.85000002,2.3399999,5,3,1,1,111792,1,12,3,4,5.25,19,.5,0,1,11,14,1.05,.94,2.3199999,5,3,6.75,13.5,6.75,.063157894,.5,1
426,3,1,1,0,0,1,0,0,0,0,3,33,5,4.25,26,.15000001,0,75,2,5,19,1.1799999,1.02,1.0599999,5,3,1,1,111192,,5,25,3,5.0500002,19,.25,1,2,6,18,1.11,1.05,1.05,6,5,19.5,17.5,-2,.1882353,.80000019,1
427,4,0,1,0,0,1,0,0,0,3,7,8,3,4.75,13,.1,0,40,2,10.5,12.5,1.0599999,.98000002,2.03,2,2,2,1,121792,4,0,35,3,5.0500002,,,1,2,10.5,12.5,1.11,1.09,2.0699999,2,2,11,17.5,6.5,.063157894,.30000019,1
428,4,0,1,0,0,1,0,0,0,2,0,33,3,4.6199999,13,.12,0,100,2,10.5,12.5,1.0599999,.98000002,1.0599999,2,2,1,1,111392,,10,24,3,5.1399999,13,.1,0,2,10.5,12.5,1.05,.88999999,2.1099999,2,2,16.5,22,5.5,.093073621,.51999998,1
