schlcode,sc_size,sc_boys,sc_girls,mrkgrm,mrkmth,classize,pct_dis,class_id,regioncode,n_classes
11005,35,12,23,66,65,35,24,1,Reg3,1
11006,54,23,31,61,57,27,38,2,Reg3,2
11006,54,23,31,61,57,27,38,3,Reg3,2
11009,38,15,23,78,77,38,6,4,Reg1,1
11010,73,40,33,74,64,37,3,5,Reg3,2
11010,73,40,33,74,64,36,3,6,Reg3,2
11013,65,31,34,64,65,31,8,8,Reg3,2
11013,65,31,34,64,65,34,8,7,Reg3,2
11015,89,35,54,84,80,30,6,9,Reg3,3
11015,89,35,54,84,80,30,6,10,Reg3,3
11015,89,35,54,84,80,29,6,11,Reg3,3
11017,85,43,42,68,66,29,9,12,Reg3,3
11017,85,43,42,68,66,28,9,13,Reg3,3
11017,85,43,42,68,66,28,9,14,Reg3,3
11020,74,32,42,75,76,38,5,15,Reg3,2
11020,74,32,42,75,76,36,5,16,Reg3,2
11021,66,31,35,75,71,34,11,18,Reg3,2
11021,66,31,35,75,71,31,11,17,Reg3,2
11027,96,48,48,77,71,33,5,19,Reg3,3
11027,96,48,48,77,71,32,5,20,Reg3,3
11027,96,48,48,77,71,31,5,21,Reg3,3
11029,87,39,48,65,60,31,11,22,Reg3,3
11029,87,39,48,65,60,26,11,23,Reg3,3
11029,87,39,48,65,60,30,11,24,Reg3,3
11031,73,36,37,77,72,36,12,25,Reg3,2
11031,73,36,37,77,72,37,12,26,Reg3,2
11032,80,40,40,62,61,29,13,27,Reg3,3
11032,80,40,40,62,61,29,13,28,Reg3,3
11032,80,40,40,62,61,29,13,29,Reg3,3
11034,79,49,30,66,62,26,11,30,Reg3,3
11034,79,49,30,66,62,26,11,31,Reg3,3
11034,79,49,30,66,62,27,11,32,Reg3,3
11045,77,34,43,74,69,38,9,34,Reg3,2
11045,77,34,43,74,69,39,9,35,Reg3,2
11048,87,87,0,81,81,22,11,36,Reg3,2
11048,87,87,0,81,81,23,11,37,Reg3,2
11054,42,42,0,67,63,22,17,38,Reg3,2
11054,42,42,0,67,63,20,17,39,Reg3,2
11061,50,22,28,66,55,22,15,41,Reg3,2
11061,50,22,28,66,55,28,15,42,Reg3,2
11064,21,9,12,52,45,21,25,43,Reg2,1
11065,23,9,14,66,60,23,42,44,Reg2,1
11067,60,34,26,53,55,26,31,46,Reg2,2
11067,60,34,26,53,55,27,31,45,Reg2,2
11072,49,26,23,70,66,24,25,47,Reg2,2
11072,49,26,23,70,66,25,25,48,Reg2,2
11073,43,21,22,82,76,21,7,49,Reg1,2
11073,43,21,22,82,76,22,7,50,Reg1,2
11106,65,38,27,78,68,26,3,51,Reg3,2
11106,65,38,27,78,68,27,3,52,Reg3,2
11109,118,50,68,79,74,30,5,54,Reg2,4
11109,118,50,68,79,74,33,5,55,Reg2,4
11109,118,50,68,79,74,24,5,56,Reg2,4
11109,118,50,68,79,74,31,5,57,Reg2,4
11111,99,50,49,67,66,34,5,58,Reg3,3
11111,99,50,49,67,66,29,5,59,Reg3,3
11111,99,50,49,67,66,36,5,60,Reg3,3
11115,60,30,30,69,59,18,11,61,Reg3,2
11115,60,30,30,69,59,30,11,62,Reg3,2
11117,72,40,32,65,57,32,31,63,Reg3,2
11117,72,40,32,65,57,33,31,64,Reg3,2
11119,83,39,44,72,64,22,21,65,Reg4,3
11119,83,39,44,72,64,39,21,66,Reg4,3
11119,83,39,44,72,64,22,21,67,Reg4,3
11120,107,51,56,66,57,37,2,68,Reg3,3
11120,107,51,56,66,57,36,2,69,Reg3,3
11120,107,51,56,66,57,34,2,70,Reg3,3
11126,45,0,45,67,58,23,16,71,Reg3,2
11126,45,0,45,67,58,22,16,72,Reg3,2
11132,95,44,51,79,67,33,9,76,Reg4,3
11132,95,44,51,79,67,32,9,77,Reg4,3
11132,95,44,51,79,67,30,9,75,Reg4,3
11133,32,16,16,77,81,32,7,78,Reg3,1
11134,65,37,28,71,56,34,2,79,Reg3,2
11134,65,37,28,71,56,31,2,80,Reg3,2
11135,66,36,30,81,78,31,4,81,Reg3,2
11135,66,36,30,81,78,35,4,82,Reg3,2
11144,98,59,39,68,63,32,10,83,Reg3,3
11144,98,59,39,68,63,32,10,85,Reg3,3
11144,98,59,39,68,63,33,10,84,Reg3,3
11145,21,11,10,72,60,21,10,86,Reg4,1
11150,88,44,44,76,70,31,2,88,Reg3,3
11150,88,44,44,76,70,27,2,89,Reg3,3
11150,88,44,44,76,70,30,2,87,Reg3,3
11151,28,16,12,58,53,28,42,90,Reg3,1
11152,92,49,43,75,70,29,5,91,Reg3,3
11152,92,49,43,75,70,32,5,92,Reg3,3
11152,92,49,43,75,70,31,5,93,Reg3,3
11159,43,22,21,70,67,22,17,95,Reg3,2
11159,43,22,21,70,67,21,17,94,Reg3,2
11161,47,28,19,73,64,23,19,96,Reg3,2
11161,47,28,19,73,64,24,19,97,Reg3,2
11168,26,19,7,71,68,26,5,99,Reg3,1
11169,23,15,8,84,77,23,0,100,Reg3,1
11170,75,40,35,81,72,35,2,102,Reg4,2
11170,75,40,35,81,72,40,2,101,Reg4,2
11171,93,47,46,76,74,47,8,103,Reg4,3
11171,93,47,46,76,74,24,8,105,Reg4,3
11171,93,47,46,76,74,22,8,104,Reg4,3
11172,15,6,9,75,79,15,7,106,Reg4,1
11182,54,24,30,71,63,30,9,108,Reg3,2
11182,54,24,30,71,63,24,9,109,Reg3,2
11183,71,31,40,74,69,36,1,110,Reg3,2
11183,71,31,40,74,69,35,1,111,Reg3,2
11184,99,57,42,78,72,33,5,112,Reg4,3
11184,99,57,42,78,72,33,5,113,Reg4,3
11184,99,57,42,78,72,33,5,114,Reg4,3
11187,119,60,59,77,72,40,4,115,Reg3,3
11187,119,60,59,77,72,39,4,116,Reg3,3
11187,119,60,59,77,72,40,4,117,Reg3,3
11188,41,17,24,58,39,21,12,118,Reg3,2
11188,41,17,24,58,39,16,12,119,Reg3,2
11190,86,44,42,71,68,29,5,121,Reg3,3
11190,86,44,42,71,68,27,5,122,Reg3,3
11190,86,44,42,71,68,30,5,123,Reg3,3
11196,29,15,14,74,69,29,0,124,Reg4,1
11201,84,47,37,71,71,28,3,125,Reg3,3
11201,84,47,37,71,71,28,3,126,Reg3,3
11201,84,47,37,71,71,28,3,127,Reg3,3
11203,22,8,14,72,72,22,0,128,Reg1,1
11205,27,11,16,76,69,27,3,129,Reg4,1
11207,81,40,41,76,68,27,10,130,Reg3,3
11207,81,40,41,76,68,24,10,131,Reg3,3
11207,81,40,41,76,68,30,10,132,Reg3,3
11209,31,18,13,68,65,31,0,133,Reg4,1
11212,20,12,8,78,74,20,2,134,Reg4,1
11213,108,56,52,76,66,38,7,135,Reg3,3
11213,108,56,52,76,66,32,7,136,Reg3,3
11213,108,56,52,76,66,38,7,137,Reg3,3
11215,21,15,6,76,72,21,0,138,Reg4,1
11217,155,84,71,69,59,39,5,139,Reg4,4
11217,155,84,71,69,59,39,5,140,Reg4,4
11217,155,84,71,69,59,38,5,141,Reg4,4
11217,155,84,71,69,59,39,5,142,Reg4,4
11218,103,48,55,74,69,35,6,143,Reg3,3
11218,103,48,55,74,69,33,6,144,Reg3,3
11218,103,48,55,74,69,34,6,145,Reg3,3
11220,138,70,68,79,76,34,4,146,Reg3,4
11220,138,70,68,79,76,35,4,147,Reg3,4
11220,138,70,68,79,76,36,4,149,Reg3,4
11220,138,70,68,79,76,33,4,148,Reg3,4
11221,87,49,38,78,75,29,11,150,Reg3,3
11221,87,49,38,78,75,30,11,152,Reg3,3
11221,87,49,38,78,75,28,11,151,Reg3,3
11222,82,44,38,64,54,27,3,153,Reg3,3
11222,82,44,38,64,54,29,3,154,Reg3,3
11222,82,44,38,64,54,26,3,155,Reg3,3
11225,78,37,41,81,76,40,2,156,Reg4,2
11225,78,37,41,81,76,38,2,157,Reg4,2
11227,123,66,57,72,64,41,0,158,Reg4,3
11227,123,66,57,72,64,42,0,159,Reg4,3
11227,123,66,57,72,64,40,0,160,Reg4,3
11228,31,16,15,68,66,31,19,161,Reg3,1
11233,72,31,41,73,64,37,11,162,Reg3,2
11233,72,31,41,73,64,35,11,163,Reg3,2
11235,38,23,15,72,65,38,8,170,Reg3,1
11236,11,7,4,78,69,11,0,171,Reg4,1
11238,20,6,14,69,69,20,1,172,Reg3,1
11239,88,50,38,72,63,24,3,173,Reg3,3
11239,88,50,38,72,63,26,3,174,Reg3,3
11239,88,50,38,72,63,38,3,175,Reg3,3
11247,57,31,26,66,67,23,5,177,Reg3,2
11247,57,31,26,66,67,34,5,176,Reg3,2
11248,79,39,40,75,70,39,5,178,Reg3,2
11248,79,39,40,75,70,40,5,179,Reg3,2
11249,19,9,10,77,69,19,15,180,Reg4,1
11250,97,51,46,62,60,32,8,181,Reg4,3
11250,97,51,46,62,60,35,8,182,Reg4,3
11250,97,51,46,62,60,30,8,183,Reg4,3
11251,12,5,7,77,78,12,8,184,Reg4,1
11256,31,17,14,72,70,31,3,185,Reg3,1
11257,27,14,13,75,70,27,5,186,Reg3,1
11258,46,22,24,73,76,23,3,187,Reg4,2
11258,46,22,24,73,76,23,3,188,Reg4,2
11259,43,19,24,76,64,22,0,189,Reg4,2
11259,43,19,24,76,64,21,0,190,Reg4,2
11260,16,8,8,82,73,16,4,191,Reg4,1
11281,29,12,17,80,72,29,3,192,Reg4,1
11300,28,14,14,73,61,28,5,193,Reg3,1
11306,39,27,12,71,66,39,5,194,Reg3,1
11307,30,12,18,69,67,30,5,195,Reg3,1
11317,29,29,0,70,68,29,0,196,Reg4,1
21005,18,11,7,83,54,18,0,197,Reg1,1
21006,64,30,34,76,59,32,2,199,Reg1,2
21006,64,30,34,76,59,32,2,198,Reg1,2
21010,22,13,9,66,63,22,43,200,Reg2,1
21012,30,12,18,80,58,30,1,201,Reg1,1
21013,17,7,10,78,75,17,0,202,Reg1,1
21021,24,11,13,82,75,24,0,203,Reg1,1
21026,86,45,41,75,73,29,27,204,Reg6,3
21026,86,45,41,75,73,23,27,205,Reg6,3
21026,86,45,41,75,73,25,27,206,Reg6,3
21030,29,12,17,62,57,29,65,209,Reg6,1
21031,72,36,36,68,69,30,36,210,Reg6,2
21031,72,36,36,68,69,29,36,211,Reg6,2
21032,48,13,35,72,66,24,13,212,Reg2,2
21032,48,13,35,72,66,24,13,213,Reg2,2
21041,27,13,14,81,70,27,3,214,Reg1,1
21042,15,9,6,73,56,15,0,215,Reg1,1
21043,44,21,23,79,65,22,1,216,Reg1,2
21043,44,21,23,79,65,22,1,217,Reg1,2
21048,80,46,34,73,68,40,13,219,Reg1,2
21048,80,46,34,73,68,40,13,218,Reg1,2
21050,47,22,25,83,67,23,3,220,Reg1,2
21050,47,22,25,83,67,24,3,221,Reg1,2
21052,19,10,9,87,67,19,0,222,Reg1,1
21057,56,31,25,79,71,28,2,223,Reg1,2
21057,56,31,25,79,71,28,2,224,Reg1,2
21064,41,26,15,69,60,20,1,225,Reg1,2
21064,41,26,15,69,60,21,1,226,Reg1,2
21065,21,11,10,75,65,21,0,227,Reg1,1
21067,63,24,39,62,62,31,38,228,Reg2,2
21067,63,24,39,62,62,32,38,229,Reg2,2
21068,70,40,30,71,70,29,33,230,Reg2,2
21068,70,40,30,71,70,34,33,231,Reg2,2
21069,127,60,67,67,65,33,16,232,Reg5,4
21069,127,60,67,67,65,32,16,233,Reg5,4
21069,127,60,67,67,65,32,16,234,Reg5,4
21069,127,60,67,67,65,30,16,235,Reg5,4
21070,94,51,43,69,72,32,14,236,Reg5,3
21070,94,51,43,69,72,30,14,237,Reg5,3
21070,94,51,43,69,72,32,14,238,Reg5,3
21073,105,60,45,66,67,36,16,239,Reg5,3
21073,105,60,45,66,67,33,16,240,Reg5,3
21073,105,60,45,66,67,36,16,241,Reg5,3
21074,28,9,19,58,58,28,52,242,Reg5,1
21077,22,10,12,57,53,22,48,243,Reg5,1
21078,82,44,38,69,60,28,36,245,Reg5,3
21078,82,44,38,69,60,30,36,246,Reg5,3
21078,82,44,38,69,60,24,36,244,Reg5,3
21079,38,22,16,52,52,38,60,247,Reg5,1
21080,34,19,15,70,60,34,14,248,Reg1,1
21081,14,7,7,65,52,14,49,249,Reg1,1
21088,53,26,27,82,75,28,7,250,Reg1,2
21088,53,26,27,82,75,25,7,251,Reg1,2
21089,68,37,31,75,73,32,14,252,Reg1,2
21089,68,37,31,75,73,28,14,253,Reg1,2
21090,23,9,14,71,74,23,42,254,Reg1,1
21091,16,6,10,84,73,16,0,255,Reg2,1
21093,35,18,17,80,70,35,0,256,Reg1,1
21094,97,45,52,74,62,27,3,257,Reg1,3
21094,97,45,52,74,62,28,3,259,Reg1,3
21094,97,45,52,74,62,28,3,258,Reg1,3
21096,69,38,31,81,67,28,3,261,Reg1,2
21096,69,38,31,81,67,29,3,262,Reg1,2
21097,73,37,36,80,69,37,0,263,Reg1,2
21097,73,37,36,80,69,36,0,264,Reg1,2
21102,49,23,26,77,74,24,8,265,Reg1,2
21102,49,23,26,77,74,25,8,266,Reg1,2
21105,16,10,6,80,74,16,0,267,Reg1,1
21111,22,14,8,70,72,22,49,268,Reg2,1
21112,90,46,44,73,66,32,7,269,Reg1,3
21112,90,46,44,73,66,30,7,270,Reg1,3
21112,90,46,44,73,66,28,7,271,Reg1,3
21114,22,9,13,84,75,22,1,272,Reg1,1
21116,19,6,13,74,66,19,25,273,Reg1,1
21117,70,33,37,64,67,35,21,274,Reg2,2
21117,70,33,37,64,67,35,21,275,Reg2,2
21118,55,25,30,67,71,30,24,276,Reg2,2
21118,55,25,30,67,71,25,24,277,Reg2,2
21119,23,13,10,66,47,23,63,278,Reg2,1
21123,27,13,14,79,73,27,0,279,Reg1,1
21126,28,12,16,76,74,28,3,280,Reg1,1
21127,48,24,24,60,57,26,43,281,Reg2,2
21127,48,24,24,60,57,22,43,282,Reg2,2
21130,26,10,16,75,75,26,22,283,Reg1,1
21132,45,18,27,83,71,22,0,284,Reg1,2
21132,45,18,27,83,71,23,0,285,Reg1,2
21134,14,5,9,71,49,14,10,286,Reg1,1
21137,115,51,64,71,69,35,18,287,Reg2,3
21137,115,51,64,71,69,34,18,288,Reg2,3
21137,115,51,64,71,69,12,18,289,Reg2,3
21138,26,14,12,61,54,26,48,290,Reg2,1
21141,37,13,24,79,69,37,0,291,Reg1,1
21144,51,29,22,85,84,26,1,293,Reg1,2
21144,51,29,22,85,84,25,1,292,Reg1,2
21145,97,56,41,81,76,31,3,294,Reg1,3
21145,97,56,41,81,76,30,3,295,Reg1,3
21145,97,56,41,81,76,36,3,296,Reg1,3
21146,62,29,33,76,67,27,17,297,Reg6,2
21146,62,29,33,76,67,26,17,298,Reg6,2
21147,118,55,63,77,77,39,3,300,Reg6,3
21147,118,55,63,77,77,39,3,301,Reg6,3
21147,118,55,63,77,77,40,3,299,Reg6,3
21149,69,31,38,70,69,35,20,303,Reg6,2
21149,69,31,38,70,69,34,20,304,Reg6,2
21151,120,56,64,80,78,40,4,306,Reg6,3
21151,120,56,64,80,78,40,4,307,Reg6,3
21151,120,56,64,80,78,40,4,305,Reg6,3
21153,31,15,16,69,62,31,30,308,Reg6,1
21162,49,25,24,72,69,21,22,310,Reg2,2
21162,49,25,24,72,69,20,22,311,Reg2,2
21163,27,14,13,65,53,27,20,312,Reg1,1
21168,51,25,26,76,64,26,0,314,Reg1,2
21168,51,25,26,76,64,25,0,315,Reg1,2
21171,21,12,9,88,83,21,0,316,Reg1,1
21173,28,15,13,82,71,28,4,317,Reg1,1
21175,43,19,24,76,65,22,0,318,Reg1,2
21175,43,19,24,76,65,21,0,319,Reg1,2
21176,19,11,8,84,75,19,3,320,Reg1,1
21178,47,20,27,63,56,23,21,321,Reg5,2
21178,47,20,27,63,56,24,21,322,Reg5,2
21179,102,55,47,65,62,33,23,323,Reg5,3
21179,102,55,47,65,62,35,23,324,Reg5,3
21179,102,55,47,65,62,34,23,325,Reg5,3
21181,91,43,48,76,76,33,15,327,Reg5,3
21181,91,43,48,76,76,29,15,328,Reg5,3
21181,91,43,48,76,76,29,15,326,Reg5,3
21182,62,33,29,68,69,31,5,329,Reg5,2
21182,62,33,29,68,69,31,5,330,Reg5,2
21184,70,38,32,67,67,31,33,331,Reg5,2
21184,70,38,32,67,67,25,33,332,Reg5,2
21185,29,17,12,68,65,29,35,333,Reg5,1
21190,81,32,49,58,61,36,30,334,Reg5,2
21190,81,32,49,58,61,36,30,335,Reg5,2
21191,149,68,81,70,69,47,11,336,Reg5,4
21191,149,68,81,70,69,42,11,338,Reg5,4
21191,149,68,81,70,69,15,11,339,Reg5,4
21191,149,68,81,70,69,45,11,337,Reg5,4
21192,60,33,27,57,58,30,20,340,Reg5,2
21192,60,33,27,57,58,30,20,341,Reg5,2
21194,60,30,30,68,65,31,28,342,Reg5,2
21194,60,30,30,68,65,29,28,343,Reg5,2
21195,55,29,26,58,50,29,71,344,Reg5,2
21195,55,29,26,58,50,26,71,345,Reg5,2
21196,21,18,3,55,56,21,76,346,Reg5,1
21200,33,14,19,76,68,33,5,347,Reg1,1
21201,33,13,20,61,58,13,49,348,Reg2,2
21201,33,13,20,61,58,20,49,349,Reg2,2
21203,64,29,35,77,78,27,8,351,Reg6,2
21203,64,29,35,77,78,30,8,350,Reg6,2
21205,102,54,48,73,73,30,21,353,Reg6,3
21205,102,54,48,73,73,31,21,355,Reg6,3
21205,102,54,48,73,73,33,21,354,Reg6,3
21206,44,23,21,68,65,44,32,356,Reg6,1
21208,68,32,36,65,65,34,40,357,Reg3,2
21208,68,32,36,65,65,34,40,358,Reg3,2
21209,63,29,34,71,74,32,41,359,Reg3,2
21209,63,29,34,71,74,31,41,360,Reg3,2
21210,56,21,35,69,65,28,46,362,Reg3,2
21210,56,21,35,69,65,28,46,361,Reg3,2
21211,15,4,11,63,66,15,56,363,Reg3,1
21212,58,33,25,71,66,29,44,364,Reg3,2
21212,58,33,25,71,66,29,44,365,Reg3,2
21213,20,11,9,65,64,20,0,366,Reg1,1
21214,49,24,25,79,74,24,4,367,Reg1,2
21214,49,24,25,79,74,25,4,368,Reg1,2
21215,51,22,29,80,71,26,3,369,Reg1,2
21215,51,22,29,80,71,25,3,370,Reg1,2
21216,20,9,11,69,69,20,39,371,Reg2,1
21221,67,32,35,76,79,35,6,372,Reg1,2
21221,67,32,35,76,79,32,6,373,Reg1,2
21227,109,57,52,77,61,37,4,374,Reg1,3
21227,109,57,52,77,61,36,4,375,Reg1,3
21227,109,57,52,77,61,36,4,376,Reg1,3
21229,17,8,9,81,79,17,5,377,Reg1,1
21233,12,6,6,74,82,12,32,378,Reg2,1
21235,27,12,15,62,51,27,35,379,Reg2,1
21236,36,17,19,68,70,36,35,380,Reg2,1
21241,47,19,28,70,63,24,2,381,Reg1,2
21241,47,19,28,70,63,23,2,382,Reg1,2
21258,22,11,11,62,46,22,63,383,Reg2,1
21265,67,40,27,73,66,34,34,384,Reg3,2
21265,67,40,27,73,66,33,34,385,Reg3,2
21268,103,58,45,70,64,24,38,387,Reg6,3
21268,103,58,45,70,64,14,38,388,Reg6,3
21268,103,58,45,70,64,24,38,386,Reg6,3
21273,25,11,14,60,61,25,33,389,Reg5,1
21275,21,12,9,77,71,21,11,390,Reg1,1
21277,60,24,36,72,60,22,11,392,Reg2,2
21277,60,24,36,72,60,25,11,393,Reg2,2
21279,52,31,21,69,65,27,34,394,Reg6,2
21279,52,31,21,69,65,25,34,395,Reg6,2
21280,15,7,8,84,85,15,7,396,Reg1,1
21281,47,27,20,77,73,27,43,397,Reg2,2
21281,47,27,20,77,73,20,43,398,Reg2,2
21282,63,31,32,68,73,25,31,399,Reg5,2
21282,63,31,32,68,73,23,31,400,Reg5,2
21285,25,11,14,74,71,25,45,401,Reg3,1
21293,71,49,22,71,67,27,27,402,Reg1,2
21293,71,49,22,71,67,31,27,403,Reg1,2
21307,71,37,34,67,57,35,10,404,Reg2,2
21307,71,37,34,67,57,36,10,405,Reg2,2
21310,56,26,30,78,66,30,44,406,Reg2,2
21310,56,26,30,78,66,26,44,407,Reg2,2
21312,98,52,46,68,61,33,10,408,Reg2,3
21312,98,52,46,68,61,28,10,409,Reg2,3
21312,98,52,46,68,61,28,10,410,Reg2,3
21313,35,15,20,81,58,35,3,411,Reg4,1
21315,88,56,32,81,69,28,8,412,Reg4,3
21315,88,56,32,81,69,52,8,413,Reg4,3
21315,88,56,32,81,69,8,8,414,Reg4,3
21316,29,15,14,59,58,29,24,415,Reg2,1
21322,115,53,62,67,72,36,24,416,Reg5,3
21322,115,53,62,67,72,32,24,418,Reg5,3
21322,115,53,62,67,72,35,24,417,Reg5,3
21323,51,25,26,81,73,25,4,419,Reg1,2
21323,51,25,26,81,73,26,4,420,Reg1,2
21327,33,16,17,79,69,33,1,421,Reg4,1
21328,85,47,38,67,60,37,12,422,Reg2,2
21328,85,47,38,67,60,13,12,423,Reg2,2
21330,87,37,50,61,57,30,6,424,Reg2,3
21330,87,37,50,61,57,28,6,425,Reg2,3
21330,87,37,50,61,57,29,6,426,Reg2,3
21331,53,33,20,65,54,25,19,428,Reg2,2
21331,53,33,20,65,54,28,19,427,Reg2,2
21338,83,33,50,70,59,37,5,429,Reg4,2
21338,83,33,50,70,59,38,5,430,Reg4,2
21340,85,38,47,68,61,28,30,431,Reg5,3
21340,85,38,47,68,61,28,30,432,Reg5,3
21340,85,38,47,68,61,29,30,433,Reg5,3
21341,107,49,58,72,64,40,0,434,Reg2,3
21341,107,49,58,72,64,29,0,436,Reg2,3
21341,107,49,58,72,64,38,0,435,Reg2,3
21350,77,40,37,56,61,31,32,437,Reg2,2
21350,77,40,37,56,61,31,32,438,Reg2,2
21351,55,30,25,85,77,29,0,439,Reg4,2
21351,55,30,25,85,77,26,0,440,Reg4,2
21356,60,27,33,73,67,27,28,441,Reg6,2
21356,60,27,33,73,67,33,28,442,Reg6,2
21357,20,13,7,83,74,20,0,443,Reg4,1
21359,42,23,19,76,67,21,10,444,Reg6,2
21359,42,23,19,76,67,21,10,445,Reg6,2
21361,129,59,70,73,65,38,2,446,Reg2,3
21361,129,59,70,73,65,39,2,447,Reg2,3
21361,129,59,70,73,65,39,2,448,Reg2,3
21362,55,32,23,66,66,28,13,449,Reg2,2
21362,55,32,23,66,66,27,13,450,Reg2,2
21363,146,83,63,67,69,34,9,451,Reg5,4
21363,146,83,63,67,69,38,9,452,Reg5,4
21363,146,83,63,67,69,40,9,454,Reg5,4
21363,146,83,63,67,69,25,9,453,Reg5,4
21366,133,69,64,80,75,34,1,455,Reg2,4
21366,133,69,64,80,75,34,1,457,Reg2,4
21366,133,69,64,80,75,31,1,458,Reg2,4
21366,133,69,64,80,75,34,1,456,Reg2,4
21367,133,63,70,77,70,33,3,460,Reg2,4
21367,133,63,70,77,70,33,3,461,Reg2,4
21367,133,63,70,77,70,34,3,462,Reg2,4
21367,133,63,70,77,70,33,3,459,Reg2,4
21370,84,44,40,75,72,29,9,463,Reg2,3
21370,84,44,40,75,72,28,9,464,Reg2,3
21370,84,44,40,75,72,27,9,465,Reg2,3
21371,68,30,38,79,70,33,3,466,Reg6,2
21371,68,30,38,79,70,35,3,467,Reg6,2
21373,49,20,29,79,71,24,1,468,Reg2,2
21373,49,20,29,79,71,25,1,469,Reg2,2
21374,33,12,21,86,84,33,0,470,Reg2,1
21375,58,31,27,69,69,29,11,471,Reg5,2
21375,58,31,27,69,69,29,11,472,Reg5,2
21379,53,28,25,63,66,26,12,474,Reg2,2
21379,53,28,25,63,66,27,12,473,Reg2,2
31001,70,30,40,67,59,29,31,475,Reg2,2
31001,70,30,40,67,59,26,31,476,Reg2,2
31002,43,19,24,73,67,20,41,477,Reg2,2
31002,43,19,24,73,67,23,41,478,Reg2,2
31007,54,25,29,80,74,27,7,480,Reg6,2
31007,54,25,29,80,74,27,7,479,Reg6,2
31008,20,16,4,64,67,20,42,481,Reg6,1
31012,25,13,12,72,64,25,4,482,Reg1,1
31017,130,82,48,77,71,35,12,483,Reg6,3
31017,130,82,48,77,71,35,12,484,Reg6,3
31017,130,82,48,77,71,34,12,485,Reg6,3
31019,20,11,9,67,68,20,32,486,Reg6,1
31021,64,28,36,70,60,25,32,487,Reg5,2
31021,64,28,36,70,60,26,32,488,Reg5,2
31022,129,63,66,73,66,32,7,489,Reg5,4
31022,129,63,66,73,66,33,7,491,Reg5,4
31022,129,63,66,73,66,33,7,492,Reg5,4
31022,129,63,66,73,66,31,7,490,Reg5,4
31023,148,86,62,68,64,33,5,493,Reg5,4
31023,148,86,62,68,64,35,5,495,Reg5,4
31023,148,86,62,68,64,14,5,496,Reg5,4
31023,148,86,62,68,64,33,5,494,Reg5,4
31025,67,35,32,70,68,34,17,498,Reg5,2
31025,67,35,32,70,68,33,17,497,Reg5,2
31027,89,45,44,70,68,36,10,500,Reg5,2
31027,89,45,44,70,68,38,10,501,Reg5,2
31028,47,25,22,69,64,22,13,502,Reg5,2
31028,47,25,22,69,64,25,13,503,Reg5,2
31029,19,12,7,39,39,19,58,504,Reg5,1
31030,36,24,12,63,63,36,31,505,Reg5,1
31031,44,29,15,77,71,23,41,506,Reg5,2
31031,44,29,15,77,71,21,41,507,Reg5,2
31033,25,11,14,43,36,25,41,508,Reg5,1
31035,78,35,43,69,65,39,26,510,Reg5,2
31035,78,35,43,69,65,39,26,511,Reg5,2
31037,121,59,62,84,84,40,1,512,Reg4,3
31037,121,59,62,84,84,40,1,513,Reg4,3
31037,121,59,62,84,84,41,1,514,Reg4,3
31038,91,54,37,73,74,32,1,515,Reg4,3
31038,91,54,37,73,74,27,1,516,Reg4,3
31038,91,54,37,73,74,32,1,517,Reg4,3
31039,158,82,76,81,81,38,3,518,Reg4,4
31039,158,82,76,81,81,40,3,519,Reg4,4
31039,158,82,76,81,81,39,3,520,Reg4,4
31039,158,82,76,81,81,41,3,521,Reg4,4
31040,58,27,31,78,79,29,4,522,Reg4,2
31040,58,27,31,78,79,29,4,523,Reg4,2
31045,47,29,18,78,78,23,8,524,Reg4,2
31045,47,29,18,78,78,24,8,525,Reg4,2
31046,53,26,27,74,72,26,10,526,Reg4,2
31046,53,26,27,74,72,27,10,527,Reg4,2
31047,124,68,56,81,82,32,3,528,Reg4,4
31047,124,68,56,81,82,31,3,530,Reg4,4
31047,124,68,56,81,82,31,3,531,Reg4,4
31047,124,68,56,81,82,30,3,529,Reg4,4
31048,46,27,19,70,73,21,11,533,Reg4,2
31048,46,27,19,70,73,25,11,532,Reg4,2
31049,66,38,28,77,80,28,2,534,Reg4,2
31049,66,38,28,77,80,27,2,535,Reg4,2
31052,92,47,45,87,88,30,2,536,Reg4,3
31052,92,47,45,87,88,30,2,537,Reg4,3
31052,92,47,45,87,88,32,2,538,Reg4,3
31055,61,28,33,85,79,33,3,540,Reg4,2
31055,61,28,33,85,79,28,3,539,Reg4,2
31056,67,28,39,65,75,32,4,541,Reg4,2
31056,67,28,39,65,75,35,4,542,Reg4,2
31060,71,37,34,68,68,36,13,543,Reg4,2
31060,71,37,34,68,68,35,13,544,Reg4,2
31062,135,56,79,79,74,33,5,545,Reg4,4
31062,135,56,79,79,74,35,5,546,Reg4,4
31062,135,56,79,79,74,34,5,548,Reg4,4
31062,135,56,79,79,74,33,5,547,Reg4,4
31063,42,22,20,79,79,20,6,549,Reg4,2
31063,42,22,20,79,79,22,6,550,Reg4,2
31067,47,23,24,71,66,23,17,551,Reg4,2
31067,47,23,24,71,66,24,17,552,Reg4,2
31069,46,21,25,72,70,23,6,554,Reg4,2
31069,46,21,25,72,70,23,6,555,Reg4,2
31073,33,19,14,70,69,33,16,557,Reg4,1
31075,69,30,39,81,75,35,6,558,Reg4,2
31075,69,30,39,81,75,34,6,559,Reg4,2
31077,90,53,37,67,67,36,13,560,Reg4,2
31077,90,53,37,67,67,35,13,561,Reg4,2
31078,75,34,41,74,80,38,4,562,Reg4,2
31078,75,34,41,74,80,37,4,563,Reg4,2
31079,74,28,46,78,72,28,12,564,Reg4,3
31079,74,28,46,78,72,23,12,565,Reg4,3
31079,74,28,46,78,72,23,12,566,Reg4,3
31083,20,8,12,67,73,20,38,567,Reg4,1
31084,69,38,31,86,85,35,8,568,Reg4,2
31084,69,38,31,86,85,34,8,569,Reg4,2
31085,23,13,10,60,60,23,28,570,Reg4,1
31086,25,8,17,45,48,25,51,571,Reg4,1
31087,74,40,34,82,71,35,5,572,Reg4,2
31087,74,40,34,82,71,39,5,573,Reg4,2
31089,72,42,30,63,59,29,15,574,Reg2,2
31089,72,42,30,63,59,31,15,575,Reg2,2
31090,131,67,64,65,64,36,17,576,Reg2,3
31090,131,67,64,65,64,37,17,577,Reg2,3
31090,131,67,64,65,64,30,17,578,Reg2,3
31092,13,9,4,54,61,13,23,579,Reg2,1
31095,22,12,10,74,73,22,0,580,Reg1,1
31097,125,69,56,71,68,37,10,581,Reg5,3
31097,125,69,56,71,68,37,10,582,Reg5,3
31097,125,69,56,71,68,39,10,583,Reg5,3
31098,49,30,19,68,71,25,16,584,Reg5,2
31098,49,30,19,68,71,24,16,585,Reg5,2
31099,38,21,17,62,58,38,20,586,Reg5,1
31100,169,82,87,68,68,38,10,588,Reg5,4
31100,169,82,87,68,68,39,10,589,Reg5,4
31100,169,82,87,68,68,36,10,590,Reg5,4
31100,169,82,87,68,68,38,10,587,Reg5,4
31101,39,21,18,59,59,39,50,591,Reg5,1
31102,98,58,40,75,74,29,14,592,Reg5,3
31102,98,58,40,75,74,29,14,593,Reg5,3
31102,98,58,40,75,74,40,14,594,Reg5,3
31103,29,12,17,80,72,29,2,595,Reg1,1
31105,15,9,6,82,80,15,4,596,Reg1,1
31107,76,35,41,71,70,31,7,597,Reg5,2
31107,76,35,41,71,70,32,7,598,Reg5,2
31108,17,8,9,76,67,17,28,599,Reg5,1
31109,94,52,42,76,72,28,2,600,Reg1,3
31109,94,52,42,76,72,33,2,601,Reg1,3
31109,94,52,42,76,72,33,2,602,Reg1,3
31114,23,10,13,81,69,23,1,603,Reg2,1
31116,46,23,23,74,60,25,0,605,Reg1,2
31116,46,23,23,74,60,21,0,606,Reg1,2
31120,26,12,14,80,68,26,11,607,Reg2,1
31121,43,16,27,79,78,22,13,608,Reg3,2
31121,43,16,27,79,78,21,13,609,Reg3,2
31122,43,22,21,83,80,25,9,610,Reg3,2
31122,43,22,21,83,80,26,9,611,Reg3,2
31125,56,28,28,71,72,23,17,612,Reg3,2
31125,56,28,28,71,72,23,17,613,Reg3,2
31126,15,11,4,66,62,15,47,614,Reg3,1
31129,43,23,20,74,61,21,2,616,Reg1,2
31129,43,23,20,74,61,22,2,615,Reg1,2
31130,24,13,11,78,71,24,2,617,Reg1,1
31132,23,12,11,73,66,23,18,618,Reg2,1
31133,59,26,33,67,65,30,19,619,Reg1,2
31133,59,26,33,67,65,29,19,620,Reg1,2
31134,15,11,4,64,54,15,46,621,Reg1,1
31135,107,57,50,74,68,40,6,622,Reg5,3
31135,107,57,50,74,68,12,6,624,Reg5,3
31135,107,57,50,74,68,41,6,623,Reg5,3
31136,54,23,31,64,61,28,21,625,Reg5,2
31136,54,23,31,64,61,26,21,626,Reg5,2
31139,66,29,37,71,70,33,22,627,Reg5,2
31139,66,29,37,71,70,33,22,628,Reg5,2
31141,22,12,10,70,54,22,60,629,Reg5,1
31143,128,70,58,77,74,38,4,630,Reg6,3
31143,128,70,58,77,74,36,4,631,Reg6,3
31143,128,70,58,77,74,38,4,632,Reg6,3
31145,107,54,53,77,77,34,2,634,Reg6,3
31145,107,54,53,77,77,39,2,635,Reg6,3
31145,107,54,53,77,77,34,2,633,Reg6,3
31148,131,73,58,68,68,40,14,636,Reg5,3
31148,131,73,58,68,68,40,14,638,Reg5,3
31148,131,73,58,68,68,40,14,637,Reg5,3
31151,51,27,24,79,73,26,9,639,Reg3,2
31151,51,27,24,79,73,25,9,640,Reg3,2
31152,56,29,27,82,74,27,5,641,Reg3,2
31152,56,29,27,82,74,29,5,642,Reg3,2
31153,83,40,43,80,78,30,2,643,Reg3,3
31153,83,40,43,80,78,26,2,644,Reg3,3
31153,83,40,43,80,78,27,2,645,Reg3,3
31154,15,6,9,73,69,15,40,646,Reg3,1
31156,104,51,53,68,67,34,6,647,Reg6,3
31156,104,51,53,68,67,37,6,649,Reg6,3
31156,104,51,53,68,67,33,6,648,Reg6,3
31157,72,42,30,58,51,36,17,650,Reg6,2
31157,72,42,30,58,51,36,17,651,Reg6,2
31159,46,21,25,56,59,22,57,652,Reg6,2
31159,46,21,25,56,59,21,57,653,Reg6,2
31160,80,44,36,77,78,39,5,654,Reg6,2
31160,80,44,36,77,78,41,5,655,Reg6,2
31161,105,57,48,74,74,35,5,656,Reg6,3
31161,105,57,48,74,74,34,5,657,Reg6,3
31161,105,57,48,74,74,36,5,658,Reg6,3
31162,64,32,32,77,74,32,13,659,Reg6,2
31162,64,32,32,77,74,32,13,660,Reg6,2
31164,25,9,16,77,69,25,15,661,Reg2,1
31165,20,6,14,67,70,20,43,662,Reg2,1
31189,99,54,45,74,73,33,7,666,Reg6,3
31189,99,54,45,74,73,34,7,667,Reg6,3
31189,99,54,45,74,73,32,7,668,Reg6,3
31207,40,22,18,72,67,40,9,669,Reg4,1
31208,90,52,38,78,79,33,2,670,Reg4,3
31208,90,52,38,78,79,30,2,672,Reg4,3
31208,90,52,38,78,79,27,2,671,Reg4,3
31209,77,39,38,81,78,39,8,673,Reg4,2
31209,77,39,38,81,78,38,8,674,Reg4,2
31210,70,33,37,83,82,36,3,675,Reg4,2
31210,70,33,37,83,82,34,3,676,Reg4,2
31212,23,10,13,54,52,23,44,677,Reg5,1
31213,42,23,19,72,74,20,20,678,Reg4,2
31213,42,23,19,72,74,22,20,679,Reg4,2
31214,41,19,22,85,84,20,4,680,Reg4,2
31214,41,19,22,85,84,21,4,681,Reg4,2
31216,131,69,62,77,72,28,6,682,Reg6,4
31216,131,69,62,77,72,33,6,683,Reg6,4
31216,131,69,62,77,72,30,6,684,Reg6,4
31216,131,69,62,77,72,30,6,685,Reg6,4
31217,94,52,42,66,60,30,26,686,Reg6,3
31217,94,52,42,66,60,17,26,687,Reg6,3
31217,94,52,42,66,60,33,26,688,Reg6,3
31219,26,11,15,57,49,26,40,689,Reg5,1
31220,110,56,54,71,69,36,11,690,Reg6,3
31220,110,56,54,71,69,32,11,691,Reg6,3
31220,110,56,54,71,69,9,11,692,Reg6,3
31222,65,28,37,65,63,25,44,693,Reg2,2
31222,65,28,37,65,63,28,44,694,Reg2,2
31224,20,9,11,48,40,20,50,695,Reg5,1
31232,22,13,9,74,73,22,6,696,Reg4,1
31235,92,45,47,77,76,30,3,697,Reg4,3
31235,92,45,47,77,76,35,3,698,Reg4,3
31235,92,45,47,77,76,27,3,699,Reg4,3
31237,64,41,23,85,77,29,2,700,Reg4,2
31237,64,41,23,85,77,27,2,701,Reg4,2
31238,65,39,26,77,74,34,6,703,Reg6,2
31238,65,39,26,77,74,31,6,702,Reg6,2
31239,91,54,37,74,73,40,6,704,Reg5,2
31239,91,54,37,74,73,39,6,705,Reg5,2
31242,95,48,47,71,63,31,10,706,Reg4,3
31242,95,48,47,71,63,32,10,707,Reg4,3
31242,95,48,47,71,63,32,10,708,Reg4,3
31243,96,59,37,82,77,29,0,709,Reg4,3
31243,96,59,37,82,77,34,0,711,Reg4,3
31243,96,59,37,82,77,33,0,710,Reg4,3
31250,106,59,47,76,78,36,7,712,Reg5,3
31250,106,59,47,76,78,36,7,713,Reg5,3
31250,106,59,47,76,78,34,7,714,Reg5,3
31252,101,58,43,76,75,32,4,715,Reg6,3
31252,101,58,43,76,75,34,4,716,Reg6,3
31252,101,58,43,76,75,35,4,717,Reg6,3
31253,79,42,37,66,67,26,23,718,Reg2,3
31253,79,42,37,66,67,21,23,719,Reg2,3
31253,79,42,37,66,67,20,23,720,Reg2,3
31255,22,18,4,41,45,22,46,721,Reg6,1
31256,57,28,29,76,77,29,5,722,Reg6,2
31256,57,28,29,76,77,28,5,723,Reg6,2
31257,100,51,49,75,72,35,7,725,Reg6,3
31257,100,51,49,75,72,33,7,726,Reg6,3
31257,100,51,49,75,72,32,7,724,Reg6,3
31259,35,18,17,75,75,35,31,727,Reg6,1
31260,30,30,0,66,55,30,30,728,Reg4,1
31261,137,79,58,75,73,34,6,729,Reg6,4
31261,137,79,58,75,73,36,6,730,Reg6,4
31261,137,79,58,75,73,33,6,731,Reg6,4
31261,137,79,58,75,73,34,6,732,Reg6,4
31262,41,18,23,80,73,18,10,733,Reg5,2
31262,41,18,23,80,73,23,10,734,Reg5,2
31264,23,11,12,85,81,23,2,735,Reg4,1
31265,31,11,20,85,80,31,5,736,Reg2,1
31357,76,37,39,62,56,31,0,737,Reg6,2
31357,76,37,39,62,56,32,0,738,Reg6,2
41001,46,20,26,81,83,23,8,740,Reg1,2
41001,46,20,26,81,83,23,8,739,Reg1,2
41002,106,62,44,79,66,38,3,741,Reg1,3
41002,106,62,44,79,66,35,3,742,Reg1,3
41002,106,62,44,79,66,33,3,743,Reg1,3
41006,16,6,10,85,80,16,19,745,Reg1,1
41009,70,40,30,75,69,26,10,747,Reg1,2
41009,70,40,30,75,69,26,10,746,Reg1,2
41010,65,31,34,74,71,32,10,748,Reg3,2
41010,65,31,34,74,71,33,10,749,Reg3,2
41012,25,9,16,58,54,25,33,750,Reg3,1
41017,26,14,12,71,70,26,30,752,Reg1,1
41018,26,11,15,80,79,26,1,753,Reg1,1
41019,26,8,18,87,79,26,5,754,Reg1,1
41020,95,50,45,80,77,28,2,755,Reg1,3
41020,95,50,45,80,77,27,2,756,Reg1,3
41020,95,50,45,80,77,28,2,757,Reg1,3
41023,41,24,17,76,81,21,11,758,Reg1,2
41023,41,24,17,76,81,20,11,759,Reg1,2
41024,24,12,12,88,87,24,11,760,Reg1,1
41025,50,21,29,77,68,23,11,761,Reg2,2
41025,50,21,29,77,68,27,11,762,Reg2,2
41029,85,51,34,78,66,35,0,763,Reg2,3
41029,85,51,34,78,66,38,0,764,Reg2,3
41029,85,51,34,78,66,12,0,765,Reg2,3
41030,16,8,8,81,72,16,0,766,Reg1,1
41032,99,41,58,80,82,30,12,767,Reg2,3
41032,99,41,58,80,82,30,12,768,Reg2,3
41032,99,41,58,80,82,30,12,769,Reg2,3
41034,72,35,37,79,75,36,12,770,Reg3,2
41034,72,35,37,79,75,36,12,771,Reg3,2
41035,43,16,27,69,72,21,21,772,Reg3,2
41035,43,16,27,69,72,22,21,773,Reg3,2
41037,46,23,23,75,69,23,18,774,Reg1,2
41037,46,23,23,75,69,23,18,775,Reg1,2
41039,34,15,19,67,62,34,24,776,Reg1,1
41040,71,41,30,83,87,33,6,777,Reg1,2
41040,71,41,30,83,87,29,6,778,Reg1,2
41041,14,10,4,70,67,14,9,779,Reg1,1
41045,89,48,41,72,68,30,10,780,Reg6,3
41045,89,48,41,72,68,30,10,781,Reg6,3
41045,89,48,41,72,68,29,10,782,Reg6,3
41046,20,10,10,82,83,20,6,783,Reg6,1
41050,14,6,8,87,62,14,0,784,Reg1,1
41058,35,20,15,78,75,35,16,785,Reg1,1
41060,115,60,55,72,66,36,10,787,Reg6,3
41060,115,60,55,72,66,34,10,788,Reg6,3
41060,115,60,55,72,66,36,10,789,Reg6,3
41061,74,37,37,69,63,38,12,790,Reg6,2
41061,74,37,37,69,63,36,12,791,Reg6,2
41063,53,32,21,70,69,26,20,792,Reg6,2
41063,53,32,21,70,69,27,20,793,Reg6,2
41066,25,25,0,70,59,25,22,794,Reg1,1
41071,53,25,28,78,76,26,3,795,Reg5,2
41071,53,25,28,78,76,27,3,796,Reg5,2
41072,42,18,24,84,76,21,9,797,Reg1,2
41072,42,18,24,84,76,21,9,798,Reg1,2
41073,82,41,41,77,78,27,4,799,Reg1,3
41073,82,41,41,77,78,28,4,800,Reg1,3
41073,82,41,41,77,78,27,4,801,Reg1,3
41074,21,21,0,59,68,21,11,802,Reg2,1
41077,78,37,41,67,67,30,25,803,Reg3,2
41077,78,37,41,67,67,33,25,804,Reg3,2
41079,25,13,12,70,72,25,34,811,Reg3,1
41081,109,58,51,74,71,35,16,813,Reg1,3
41081,109,58,51,74,71,29,16,814,Reg1,3
41081,109,58,51,74,71,32,16,815,Reg1,3
41082,27,11,16,75,75,27,41,816,Reg1,1
41083,16,11,5,76,88,16,54,817,Reg1,1
41084,80,54,26,78,75,33,6,818,Reg1,2
41084,80,54,26,78,75,36,6,819,Reg1,2
41085,172,92,80,76,71,36,4,820,Reg5,4
41085,172,92,80,76,71,38,4,821,Reg5,4
41085,172,92,80,76,71,38,4,822,Reg5,4
41085,172,92,80,76,71,10,4,823,Reg5,4
41086,173,82,91,78,75,41,5,824,Reg5,4
41086,173,82,91,78,75,41,5,825,Reg5,4
41086,173,82,91,78,75,41,5,826,Reg5,4
41086,173,82,91,78,75,40,5,827,Reg5,4
41087,102,54,48,67,62,33,9,828,Reg5,3
41087,102,54,48,67,62,36,9,830,Reg5,3
41087,102,54,48,67,62,33,9,829,Reg5,3
41089,95,51,44,73,72,32,18,831,Reg5,3
41089,95,51,44,73,72,32,18,832,Reg5,3
41089,95,51,44,73,72,31,18,833,Reg5,3
41091,92,52,40,75,74,30,11,834,Reg5,3
41091,92,52,40,75,74,31,11,835,Reg5,3
41091,92,52,40,75,74,31,11,836,Reg5,3
41092,22,10,12,64,60,22,16,837,Reg5,1
41093,24,12,12,63,64,24,51,838,Reg5,1
41094,30,14,16,79,71,30,3,839,Reg1,1
41095,52,31,21,66,66,31,26,841,Reg1,2
41095,52,31,21,66,66,29,26,840,Reg1,2
41096,36,11,25,68,70,36,36,842,Reg1,1
41097,57,34,23,78,72,25,8,844,Reg1,2
41097,57,34,23,78,72,24,8,843,Reg1,2
41098,28,12,16,63,50,28,36,845,Reg5,1
41099,58,30,28,56,57,27,27,846,Reg5,2
41099,58,30,28,56,57,31,27,847,Reg5,2
41100,51,31,20,65,63,26,23,848,Reg5,2
41100,51,31,20,65,63,25,23,849,Reg5,2
41101,44,24,20,61,58,24,43,851,Reg5,2
41101,44,24,20,61,58,20,43,850,Reg5,2
41104,17,9,8,77,68,17,10,852,Reg5,1
41105,36,0,36,64,65,36,40,853,Reg5,1
41106,129,59,70,79,78,34,4,855,Reg6,4
41106,129,59,70,79,78,32,4,856,Reg6,4
41106,129,59,70,79,78,32,4,857,Reg6,4
41106,129,59,70,79,78,31,4,854,Reg6,4
41108,59,33,26,71,72,30,20,859,Reg6,2
41108,59,33,26,71,72,29,20,858,Reg6,2
41111,75,50,25,75,71,26,11,860,Reg1,2
41111,75,50,25,75,71,30,11,861,Reg1,2
41116,119,57,62,78,76,36,9,862,Reg2,3
41116,119,57,62,78,76,37,9,863,Reg2,3
41116,119,57,62,78,76,35,9,864,Reg2,3
41118,51,32,19,79,71,28,4,865,Reg2,2
41118,51,32,19,79,71,23,4,866,Reg2,2
41122,23,12,11,72,67,23,11,867,Reg6,1
41125,67,31,36,77,76,33,10,868,Reg5,2
41125,67,31,36,77,76,34,10,869,Reg5,2
41126,97,52,45,78,76,35,5,870,Reg5,3
41126,97,52,45,78,76,31,5,871,Reg5,3
41126,97,52,45,78,76,31,5,872,Reg5,3
41127,58,26,32,75,73,28,17,873,Reg5,2
41127,58,26,32,75,73,30,17,874,Reg5,2
41129,28,0,28,72,67,28,33,875,Reg5,1
41131,64,40,24,83,77,26,0,876,Reg1,2
41131,64,40,24,83,77,26,0,877,Reg1,2
41132,66,34,32,81,77,33,0,878,Reg1,2
41132,66,34,32,81,77,33,0,879,Reg1,2
41134,56,27,29,67,69,24,31,880,Reg5,2
41134,56,27,29,67,69,32,31,881,Reg5,2
41135,150,68,82,74,74,36,8,883,Reg5,4
41135,150,68,82,74,74,37,8,884,Reg5,4
41135,150,68,82,74,74,39,8,885,Reg5,4
41135,150,68,82,74,74,38,8,882,Reg5,4
41136,58,29,29,71,67,29,24,886,Reg5,2
41136,58,29,29,71,67,29,24,887,Reg5,2
41137,120,62,58,83,83,40,15,888,Reg5,3
41137,120,62,58,83,83,40,15,889,Reg5,3
41137,120,62,58,83,83,40,15,890,Reg5,3
41138,159,73,86,73,68,40,13,891,Reg5,4
41138,159,73,86,73,68,40,13,892,Reg5,4
41138,159,73,86,73,68,40,13,893,Reg5,4
41138,159,73,86,73,68,39,13,894,Reg5,4
41139,149,72,77,72,77,34,12,895,Reg5,4
41139,149,72,77,72,77,37,12,896,Reg5,4
41139,149,72,77,72,77,28,12,898,Reg5,4
41139,149,72,77,72,77,34,12,897,Reg5,4
41140,46,15,31,66,63,23,40,899,Reg5,2
41140,46,15,31,66,63,23,40,900,Reg5,2
41142,138,66,72,78,86,34,11,901,Reg5,4
41142,138,66,72,78,86,35,11,902,Reg5,4
41142,138,66,72,78,86,36,11,903,Reg5,4
41142,138,66,72,78,86,33,11,904,Reg5,4
41143,60,35,25,61,60,22,40,905,Reg5,2
41143,60,35,25,61,60,24,40,906,Reg5,2
41144,119,63,56,74,71,35,35,907,Reg5,3
41144,119,63,56,74,71,35,35,908,Reg5,3
41144,119,63,56,74,71,35,35,909,Reg5,3
41146,72,41,31,73,73,30,41,911,Reg5,2
41146,72,41,31,73,73,28,41,912,Reg5,2
41148,54,22,32,66,65,25,46,913,Reg5,2
41148,54,22,32,66,65,29,46,914,Reg5,2
41149,136,70,66,67,64,36,19,915,Reg5,4
41149,136,70,66,67,64,24,19,916,Reg5,4
41149,136,70,66,67,64,38,19,917,Reg5,4
41149,136,70,66,67,64,38,19,918,Reg5,4
41150,40,16,24,83,80,40,1,919,Reg1,1
41153,16,11,5,69,60,16,0,920,Reg1,1
41154,30,15,15,80,70,30,0,921,Reg2,1
41155,50,24,26,78,73,25,1,922,Reg1,2
41155,50,24,26,78,73,25,1,923,Reg1,2
41160,119,60,59,73,71,40,11,925,Reg5,3
41160,119,60,59,73,71,39,11,926,Reg5,3
41160,119,60,59,73,71,40,11,924,Reg5,3
41161,156,74,82,79,76,39,3,927,Reg5,4
41161,156,74,82,79,76,40,3,929,Reg5,4
41161,156,74,82,79,76,39,3,930,Reg5,4
41161,156,74,82,79,76,38,3,928,Reg5,4
41162,94,54,40,80,80,33,9,931,Reg5,3
41162,94,54,40,80,80,37,9,932,Reg5,3
41162,94,54,40,80,80,24,9,933,Reg5,3
41163,74,32,42,75,67,37,8,935,Reg5,2
41163,74,32,42,75,67,37,8,934,Reg5,2
41164,21,13,8,65,73,21,16,936,Reg5,1
41165,118,69,49,67,66,37,10,937,Reg5,3
41165,118,69,49,67,66,35,10,939,Reg5,3
41165,118,69,49,67,66,34,10,938,Reg5,3
41166,115,59,56,75,70,39,12,940,Reg5,3
41166,115,59,56,75,70,36,12,941,Reg5,3
41166,115,59,56,75,70,40,12,942,Reg5,3
41168,108,54,54,74,71,36,4,943,Reg5,3
41168,108,54,54,74,71,36,4,945,Reg5,3
41168,108,54,54,74,71,36,4,944,Reg5,3
41169,103,43,60,71,70,31,10,946,Reg5,3
41169,103,43,60,71,70,30,10,947,Reg5,3
41169,103,43,60,71,70,27,10,948,Reg5,3
41170,75,34,41,71,66,25,11,949,Reg5,3
41170,75,34,41,71,66,26,11,950,Reg5,3
41170,75,34,41,71,66,24,11,951,Reg5,3
41172,96,96,0,78,77,32,10,952,Reg5,3
41172,96,96,0,78,77,32,10,953,Reg5,3
41172,96,96,0,78,77,32,10,954,Reg5,3
41173,95,0,95,78,74,34,10,955,Reg5,3
41173,95,0,95,78,74,32,10,956,Reg5,3
41173,95,0,95,78,74,29,10,957,Reg5,3
41174,142,73,69,72,69,37,12,959,Reg5,4
41174,142,73,69,72,69,34,12,960,Reg5,4
41174,142,73,69,72,69,36,12,961,Reg5,4
41174,142,73,69,72,69,35,12,958,Reg5,4
41176,34,19,15,66,68,34,43,962,Reg5,1
41178,43,21,22,79,75,21,5,963,Reg1,2
41178,43,21,22,79,75,22,5,964,Reg1,2
41179,50,25,25,80,73,25,5,966,Reg1,2
41179,50,25,25,80,73,25,5,965,Reg1,2
41181,44,21,23,66,65,22,20,967,Reg1,2
41181,44,21,23,66,65,22,20,968,Reg1,2
41182,23,7,16,72,65,23,45,969,Reg1,1
41183,43,23,20,75,72,22,2,970,Reg2,2
41183,43,23,20,75,72,21,2,971,Reg2,2
41184,68,68,0,68,74,32,26,973,Reg3,2
41184,68,68,0,68,74,28,26,972,Reg3,2
41185,32,0,32,70,61,32,20,974,Reg3,1
41186,51,35,16,70,70,26,24,976,Reg3,2
41186,51,35,16,70,70,25,24,975,Reg3,2
41187,102,44,58,75,73,34,3,977,Reg6,3
41187,102,44,58,75,73,35,3,978,Reg6,3
41187,102,44,58,75,73,33,3,979,Reg6,3
41189,47,22,25,61,64,24,14,980,Reg6,2
41189,47,22,25,61,64,23,14,981,Reg6,2
41190,172,88,84,73,73,35,7,983,Reg6,5
41190,172,88,84,73,73,32,7,984,Reg6,5
41190,172,88,84,73,73,37,7,985,Reg6,5
41190,172,88,84,73,73,33,7,986,Reg6,5
41190,172,88,84,73,73,35,7,982,Reg6,5
41191,100,53,47,65,66,32,16,987,Reg6,3
41191,100,53,47,65,66,35,16,988,Reg6,3
41191,100,53,47,65,66,33,16,989,Reg6,3
41193,35,19,16,72,67,35,21,990,Reg6,1
41194,95,50,45,73,68,30,17,991,Reg6,3
41194,95,50,45,73,68,31,17,992,Reg6,3
41194,95,50,45,73,68,23,17,993,Reg6,3
41195,126,60,66,78,77,34,7,994,Reg6,3
41195,126,60,66,78,77,35,7,995,Reg6,3
41195,126,60,66,78,77,33,7,996,Reg6,3
41197,94,43,51,73,77,32,12,997,Reg6,3
41197,94,43,51,73,77,31,12,998,Reg6,3
41197,94,43,51,73,77,31,12,999,Reg6,3
41198,48,25,23,76,77,24,6,1000,Reg6,2
41198,48,25,23,76,77,24,6,1001,Reg6,2
41199,107,41,66,80,79,35,5,1002,Reg6,3
41199,107,41,66,80,79,36,5,1004,Reg6,3
41199,107,41,66,80,79,36,5,1003,Reg6,3
41202,133,59,74,78,78,33,4,1005,Reg6,4
41202,133,59,74,78,78,33,4,1006,Reg6,4
41202,133,59,74,78,78,33,4,1008,Reg6,4
41202,133,59,74,78,78,34,4,1007,Reg6,4
41203,82,40,42,82,79,35,7,1009,Reg6,2
41203,82,40,42,82,79,35,7,1010,Reg6,2
41206,67,31,36,67,67,33,10,1011,Reg6,2
41206,67,31,36,67,67,34,10,1012,Reg6,2
41208,52,30,22,82,80,28,7,1014,Reg6,2
41208,52,30,22,82,80,24,7,1013,Reg6,2
41210,76,46,30,68,69,39,19,1015,Reg6,2
41210,76,46,30,68,69,37,19,1016,Reg6,2
41212,127,77,50,63,64,30,12,1017,Reg6,4
41212,127,77,50,63,64,33,12,1018,Reg6,4
41212,127,77,50,63,64,33,12,1019,Reg6,4
41212,127,77,50,63,64,31,12,1020,Reg6,4
41214,21,11,10,65,61,21,41,1021,Reg6,1
41217,48,24,24,58,56,24,46,1022,Reg6,2
41217,48,24,24,58,56,24,46,1023,Reg6,2
41218,23,15,8,77,75,23,2,1024,Reg1,1
41220,133,67,66,78,81,39,3,1025,Reg6,3
41220,133,67,66,78,81,40,3,1026,Reg6,3
41220,133,67,66,78,81,40,3,1027,Reg6,3
41221,132,72,60,79,81,33,5,1028,Reg6,4
41221,132,72,60,79,81,33,5,1029,Reg6,4
41221,132,72,60,79,81,32,5,1030,Reg6,4
41221,132,72,60,79,81,34,5,1031,Reg6,4
41225,122,64,58,76,72,37,8,1032,Reg6,3
41225,122,64,58,76,72,37,8,1033,Reg6,3
41225,122,64,58,76,72,36,8,1034,Reg6,3
41232,25,14,11,78,68,25,0,1036,Reg1,1
41234,105,59,46,74,68,33,5,1038,Reg1,3
41234,105,59,46,74,68,30,5,1039,Reg1,3
41234,105,59,46,74,68,33,5,1037,Reg1,3
41236,25,10,15,63,58,25,33,1040,Reg1,1
41237,22,12,10,73,75,22,34,1041,Reg2,1
41274,17,7,10,54,41,17,28,1042,Reg5,1
41275,39,15,24,75,73,39,4,1043,Reg5,1
41276,99,48,51,79,68,30,2,1045,Reg5,3
41276,99,48,51,79,68,28,2,1046,Reg5,3
41276,99,48,51,79,68,29,2,1044,Reg5,3
41277,57,27,30,60,61,27,11,1047,Reg6,2
41277,57,27,30,60,61,30,11,1048,Reg6,2
41282,78,40,38,66,54,39,14,1049,Reg5,2
41282,78,40,38,66,54,39,14,1050,Reg5,2
41284,110,58,52,73,70,36,8,1052,Reg5,3
41284,110,58,52,73,70,37,8,1053,Reg5,3
41284,110,58,52,73,70,37,8,1051,Reg5,3
41285,75,34,41,71,62,37,21,1054,Reg6,2
41285,75,34,41,71,62,38,21,1055,Reg6,2
41287,117,66,51,74,70,35,18,1056,Reg5,3
41287,117,66,51,74,70,36,18,1057,Reg5,3
41287,117,66,51,74,70,36,18,1058,Reg5,3
41288,55,0,55,67,70,28,7,1059,Reg2,2
41288,55,0,55,67,70,27,7,1060,Reg2,2
41289,40,22,18,62,53,22,44,1061,Reg5,2
41289,40,22,18,62,53,18,44,1062,Reg5,2
41290,103,54,49,75,71,37,3,1063,Reg5,3
41290,103,54,49,75,71,30,3,1064,Reg5,3
41290,103,54,49,75,71,36,3,1065,Reg5,3
41293,115,52,63,79,78,38,2,1066,Reg6,3
41293,115,52,63,79,78,39,2,1067,Reg6,3
41293,115,52,63,79,78,38,2,1068,Reg6,3
41294,55,30,25,75,71,25,7,1070,Reg2,2
41294,55,30,25,75,71,30,7,1069,Reg2,2
41296,58,31,27,67,63,29,33,1071,Reg6,2
41296,58,31,27,67,63,29,33,1072,Reg6,2
41298,156,74,82,71,71,39,8,1073,Reg6,4
41298,156,74,82,71,71,40,8,1074,Reg6,4
41298,156,74,82,71,71,38,8,1075,Reg6,4
41298,156,74,82,71,71,39,8,1076,Reg6,4
41303,86,43,43,75,75,30,14,1077,Reg5,3
41303,86,43,43,75,75,27,14,1078,Reg5,3
41303,86,43,43,75,75,29,14,1079,Reg5,3
41304,35,16,19,69,66,35,15,1080,Reg3,1
41305,18,9,9,78,76,18,44,1081,Reg3,1
41306,49,25,24,53,50,20,40,1082,Reg6,2
41306,49,25,24,53,50,29,40,1083,Reg6,2
41308,48,24,24,73,69,25,9,1084,Reg6,2
41308,48,24,24,73,69,23,9,1085,Reg6,2
41315,20,10,10,63,60,20,38,1086,Reg2,1
41316,61,34,27,57,48,24,20,1088,Reg5,2
41316,61,34,27,57,48,23,20,1087,Reg5,2
41319,155,79,76,79,76,39,3,1089,Reg6,4
41319,155,79,76,79,76,39,3,1090,Reg6,4
41319,155,79,76,79,76,38,3,1091,Reg6,4
41319,155,79,76,79,76,39,3,1092,Reg6,4
41324,56,30,26,61,60,28,31,1093,Reg6,2
41324,56,30,26,61,60,28,31,1094,Reg6,2
41325,104,52,52,66,65,31,17,1095,Reg5,3
41325,104,52,52,66,65,32,17,1096,Reg5,3
41325,104,52,52,66,65,30,17,1097,Reg5,3
41326,64,35,29,62,60,31,47,1098,Reg5,2
41326,64,35,29,62,60,33,47,1099,Reg5,2
41327,59,31,28,67,65,31,16,1100,Reg5,2
41327,59,31,28,67,65,28,16,1101,Reg5,2
41329,119,74,45,78,76,37,4,1102,Reg6,3
41329,119,74,45,78,76,37,4,1103,Reg6,3
41329,119,74,45,78,76,36,4,1104,Reg6,3
41330,91,40,51,70,69,34,8,1105,Reg6,3
41330,91,40,51,70,69,29,8,1106,Reg6,3
41330,91,40,51,70,69,28,8,1107,Reg6,3
41335,102,56,46,76,74,35,3,1108,Reg6,3
41335,102,56,46,76,74,34,3,1109,Reg6,3
41335,102,56,46,76,74,33,3,1110,Reg6,3
41336,33,21,12,82,78,33,3,1111,Reg1,1
41339,67,30,37,75,75,35,16,1113,Reg6,2
41339,67,30,37,75,75,32,16,1114,Reg6,2
41340,156,84,72,78,73,36,4,1116,Reg6,4
41340,156,84,72,78,73,37,4,1117,Reg6,4
41340,156,84,72,78,73,36,4,1118,Reg6,4
41340,156,84,72,78,73,36,4,1115,Reg6,4
41342,78,39,39,73,81,40,9,1120,Reg5,2
41342,78,39,39,73,81,38,9,1119,Reg5,2
41343,86,45,41,76,71,36,6,1121,Reg6,2
41343,86,45,41,76,71,35,6,1122,Reg6,2
41344,52,23,29,81,80,22,0,1123,Reg2,2
41344,52,23,29,81,80,30,0,1124,Reg2,2
41345,105,51,54,73,70,36,4,1125,Reg6,3
41345,105,51,54,73,70,35,4,1127,Reg6,3
41345,105,51,54,73,70,34,4,1126,Reg6,3
41346,75,41,34,74,74,40,5,1128,Reg5,2
41346,75,41,34,74,74,35,5,1129,Reg5,2
41347,107,64,43,73,64,32,5,1130,Reg6,3
41347,107,64,43,73,64,34,5,1131,Reg6,3
41347,107,64,43,73,64,32,5,1132,Reg6,3
41348,173,93,80,80,76,40,8,1133,Reg5,4
41348,173,93,80,80,76,40,8,1134,Reg5,4
41348,173,93,80,80,76,40,8,1135,Reg5,4
41348,173,93,80,80,76,38,8,1136,Reg5,4
41362,69,38,31,81,78,38,4,1137,Reg4,2
41362,69,38,31,81,78,31,4,1138,Reg4,2
41363,91,52,39,73,75,31,8,1140,Reg6,3
41363,91,52,39,73,75,31,8,1141,Reg6,3
41363,91,52,39,73,75,29,8,1139,Reg6,3
41364,116,67,49,77,76,37,4,1142,Reg6,3
41364,116,67,49,77,76,40,4,1144,Reg6,3
41364,116,67,49,77,76,39,4,1143,Reg6,3
41365,49,28,21,61,55,27,43,1145,Reg5,2
41365,49,28,21,61,55,22,43,1146,Reg5,2
41366,74,36,38,82,78,32,8,1147,Reg5,2
41366,74,36,38,82,78,30,8,1148,Reg5,2
41367,135,67,68,79,74,33,3,1149,Reg6,4
41367,135,67,68,79,74,30,3,1150,Reg6,4
41367,135,67,68,79,74,31,3,1152,Reg6,4
41367,135,67,68,79,74,30,3,1151,Reg6,4
41368,101,48,53,78,80,34,16,1153,Reg3,3
41368,101,48,53,78,80,33,16,1155,Reg3,3
41368,101,48,53,78,80,34,16,1154,Reg3,3
41369,101,49,52,77,75,34,4,1156,Reg4,3
41369,101,49,52,77,75,33,4,1157,Reg4,3
41369,101,49,52,77,75,34,4,1158,Reg4,3
41370,24,11,13,79,67,24,4,1159,Reg4,1
41371,33,17,16,70,69,33,5,1160,Reg6,1
41381,77,38,39,62,66,38,30,1162,Reg6,2
41381,77,38,39,62,66,39,30,1161,Reg6,2
41382,115,50,65,73,69,39,9,1163,Reg5,3
41382,115,50,65,73,69,38,9,1164,Reg5,3
41382,115,50,65,73,69,38,9,1165,Reg5,3
41383,213,100,113,81,80,37,2,1166,Reg6,6
41383,213,100,113,81,80,35,2,1167,Reg6,6
41383,213,100,113,81,80,36,2,1168,Reg6,6
41383,213,100,113,81,80,34,2,1169,Reg6,6
41383,213,100,113,81,80,35,2,1171,Reg6,6
41383,213,100,113,81,80,36,2,1170,Reg6,6
41384,72,31,41,82,79,41,5,1173,Reg4,2
41384,72,31,41,82,79,31,5,1172,Reg4,2
41385,139,71,68,77,70,34,6,1174,Reg5,4
41385,139,71,68,77,70,35,6,1175,Reg5,4
41385,139,71,68,77,70,34,6,1176,Reg5,4
41385,139,71,68,77,70,36,6,1177,Reg5,4
41388,128,67,61,70,62,34,13,1178,Reg6,4
41388,128,67,61,70,62,28,13,1179,Reg6,4
41388,128,67,61,70,62,33,13,1181,Reg6,4
41388,128,67,61,70,62,33,13,1180,Reg6,4
41390,112,54,58,79,73,39,3,1182,Reg6,3
41390,112,54,58,79,73,35,3,1183,Reg6,3
41390,112,54,58,79,73,38,3,1184,Reg6,3
41391,152,79,73,73,68,38,5,1185,Reg6,4
41391,152,79,73,73,68,37,5,1186,Reg6,4
41391,152,79,73,73,68,38,5,1187,Reg6,4
41391,152,79,73,73,68,39,5,1188,Reg6,4
41392,71,45,26,55,56,29,25,1189,Reg5,2
41392,71,45,26,55,56,28,25,1190,Reg5,2
41394,77,41,36,78,82,39,3,1191,Reg6,2
41394,77,41,36,78,82,38,3,1192,Reg6,2
41397,29,16,13,79,75,29,0,1193,Reg6,1
41398,42,20,22,68,58,20,8,1194,Reg4,2
41398,42,20,22,68,58,22,8,1195,Reg4,2
41399,66,44,22,76,76,32,32,1197,Reg3,2
41399,66,44,22,76,76,34,32,1196,Reg3,2
41400,106,55,51,79,74,36,3,1198,Reg5,3
41400,106,55,51,79,74,36,3,1199,Reg5,3
41400,106,55,51,79,74,34,3,1200,Reg5,3
41402,123,60,63,76,72,27,4,1201,Reg5,4
41402,123,60,63,76,72,34,4,1202,Reg5,4
41402,123,60,63,76,72,33,4,1203,Reg5,4
41402,123,60,63,76,72,29,4,1204,Reg5,4
41403,26,15,11,63,60,26,14,1205,Reg5,1
41406,117,54,63,58,52,38,26,1206,Reg6,3
41406,117,54,63,58,52,40,26,1207,Reg6,3
41406,117,54,63,58,52,39,26,1208,Reg6,3
41407,118,71,47,78,76,40,1,1209,Reg6,3
41407,118,71,47,78,76,40,1,1210,Reg6,3
41407,118,71,47,78,76,38,1,1211,Reg6,3
41408,76,38,38,64,61,29,15,1212,Reg6,3
41408,76,38,38,64,61,27,15,1213,Reg6,3
41408,76,38,38,64,61,20,15,1214,Reg6,3
41409,87,45,42,80,82,29,2,1215,Reg6,3
41409,87,45,42,80,82,29,2,1216,Reg6,3
41409,87,45,42,80,82,29,2,1217,Reg6,3
41413,99,47,52,63,55,33,12,1219,Reg5,3
41413,99,47,52,63,55,32,12,1220,Reg5,3
41413,99,47,52,63,55,34,12,1221,Reg5,3
41415,86,49,37,74,71,39,4,1222,Reg6,2
41415,86,49,37,74,71,39,4,1223,Reg6,2
41417,91,48,43,79,75,38,10,1224,Reg5,2
41417,91,48,43,79,75,41,10,1225,Reg5,2
41418,74,40,34,77,75,40,5,1226,Reg6,2
41418,74,40,34,77,75,34,5,1227,Reg6,2
41419,45,17,28,78,76,21,6,1228,Reg4,2
41419,45,17,28,78,76,24,6,1229,Reg4,2
41420,97,59,38,66,67,31,15,1230,Reg5,3
41420,97,59,38,66,67,31,15,1231,Reg5,3
41420,97,59,38,66,67,35,15,1232,Reg5,3
41421,21,21,0,58,55,21,66,1233,Reg5,1
41423,119,65,54,78,76,40,7,1234,Reg5,3
41423,119,65,54,78,76,40,7,1235,Reg5,3
41423,119,65,54,78,76,40,7,1236,Reg5,3
41424,69,42,27,68,67,35,7,1237,Reg6,2
41424,69,42,27,68,67,34,7,1238,Reg6,2
41425,94,48,46,73,64,34,6,1239,Reg6,3
41425,94,48,46,73,64,29,6,1241,Reg6,3
41425,94,48,46,73,64,31,6,1240,Reg6,3
41426,98,54,44,82,85,32,5,1242,Reg6,3
41426,98,54,44,82,85,36,5,1243,Reg6,3
41426,98,54,44,82,85,30,5,1244,Reg6,3
41427,63,37,26,60,58,25,25,1245,Reg5,2
41427,63,37,26,60,58,28,25,1246,Reg5,2
41431,76,38,38,81,74,36,1,1247,Reg4,2
41431,76,38,38,81,74,40,1,1248,Reg4,2
41432,75,42,33,78,74,33,16,1249,Reg5,2
41432,75,42,33,78,74,33,16,1250,Reg5,2
41433,78,38,40,81,76,40,3,1251,Reg5,2
41433,78,38,40,81,76,38,3,1252,Reg5,2
41434,102,52,50,72,66,32,4,1254,Reg6,3
41434,102,52,50,72,66,34,4,1255,Reg6,3
41434,102,52,50,72,66,36,4,1253,Reg6,3
41435,97,47,50,76,70,35,1,1256,Reg6,3
41435,97,47,50,76,70,26,1,1258,Reg6,3
41435,97,47,50,76,70,36,1,1257,Reg6,3
41436,160,73,87,76,73,37,3,1259,Reg6,4
41436,160,73,87,76,73,38,3,1260,Reg6,4
41436,160,73,87,76,73,37,3,1262,Reg6,4
41436,160,73,87,76,73,38,3,1261,Reg6,4
41437,66,36,30,73,74,30,3,1263,Reg6,2
41437,66,36,30,73,74,36,3,1264,Reg6,2
41440,74,49,25,75,74,37,2,1265,Reg4,2
41440,74,49,25,75,74,37,2,1266,Reg4,2
41441,91,45,46,73,71,32,1,1268,Reg4,3
41441,91,45,46,73,71,32,1,1269,Reg4,3
41441,91,45,46,73,71,32,1,1267,Reg4,3
41442,78,37,41,73,61,39,13,1270,Reg5,2
41442,78,37,41,73,61,39,13,1271,Reg5,2
41443,114,50,64,73,69,37,5,1272,Reg5,3
41443,114,50,64,73,69,38,5,1273,Reg5,3
41443,114,50,64,73,69,39,5,1274,Reg5,3
41444,87,45,42,80,81,28,1,1275,Reg6,3
41444,87,45,42,80,81,31,1,1276,Reg6,3
41444,87,45,42,80,81,28,1,1277,Reg6,3
41445,189,108,81,78,75,35,13,1278,Reg5,6
41445,189,108,81,78,75,36,13,1280,Reg5,6
41445,189,108,81,78,75,25,13,1281,Reg5,6
41445,189,108,81,78,75,25,13,1282,Reg5,6
41445,189,108,81,78,75,31,13,1283,Reg5,6
41445,189,108,81,78,75,37,13,1279,Reg5,6
41447,32,17,15,84,79,32,0,1284,Reg2,1
41448,74,39,35,69,70,37,8,1285,Reg5,2
41448,74,39,35,69,70,37,8,1286,Reg5,2
41449,34,13,21,76,81,34,13,1287,Reg5,1
41450,94,59,35,85,81,26,1,1288,Reg2,3
41450,94,59,35,85,81,30,1,1289,Reg2,3
41450,94,59,35,85,81,28,1,1290,Reg2,3
41451,91,52,39,70,74,28,8,1291,Reg6,3
41451,91,52,39,70,74,28,8,1292,Reg6,3
41451,91,52,39,70,74,27,8,1293,Reg6,3
41454,16,11,5,67,62,16,1,1294,Reg4,1
41455,20,11,9,77,76,20,11,1295,Reg4,1
41456,62,33,29,86,86,31,6,1296,Reg1,2
41456,62,33,29,86,86,31,6,1297,Reg1,2
41457,85,31,54,76,75,32,7,1298,Reg6,3
41457,85,31,54,76,75,27,7,1299,Reg6,3
41457,85,31,54,76,75,26,7,1300,Reg6,3
41458,88,49,39,71,66,44,6,1302,Reg4,2
41458,88,49,39,71,66,44,6,1301,Reg4,2
41462,16,9,7,81,71,16,4,1303,Reg4,1
41463,42,24,18,85,81,21,1,1304,Reg2,2
41463,42,24,18,85,81,21,1,1305,Reg2,2
41468,42,24,18,82,77,21,4,1306,Reg6,2
41468,42,24,18,82,77,21,4,1307,Reg6,2
51004,65,31,34,59,59,32,33,1314,Reg3,2
51004,65,31,34,59,59,33,33,1313,Reg3,2
51005,91,48,43,59,53,33,31,1315,Reg3,3
51005,91,48,43,59,53,29,31,1316,Reg3,3
51005,91,48,43,59,53,29,31,1317,Reg3,3
51006,42,19,23,54,48,20,25,1318,Reg3,2
51006,42,19,23,54,48,22,25,1319,Reg3,2
51007,87,50,37,79,67,37,7,1321,Reg1,2
51007,87,50,37,79,67,39,7,1320,Reg1,2
51008,12,6,6,74,82,12,31,1322,Reg1,1
51009,24,12,12,68,55,24,11,1323,Reg5,1
51011,94,53,41,70,70,28,18,1325,Reg5,3
51011,94,53,41,70,70,29,18,1326,Reg5,3
51011,94,53,41,70,70,27,18,1327,Reg5,3
51012,24,12,12,72,67,24,7,1328,Reg5,1
51015,36,18,18,58,62,36,34,1331,Reg5,1
51016,76,0,76,77,68,39,10,1332,Reg5,2
51016,76,0,76,77,68,37,10,1333,Reg5,2
51018,15,10,5,60,56,15,52,1334,Reg5,1
51019,60,36,24,82,76,24,2,1335,Reg5,2
51019,60,36,24,82,76,36,2,1336,Reg5,2
51020,24,15,9,70,53,24,34,1337,Reg5,1
51021,143,72,71,78,74,36,9,1338,Reg5,4
51021,143,72,71,78,74,36,9,1339,Reg5,4
51021,143,72,71,78,74,36,9,1340,Reg5,4
51021,143,72,71,78,74,35,9,1341,Reg5,4
51022,62,34,28,66,59,30,34,1342,Reg5,2
51022,62,34,28,66,59,32,34,1343,Reg5,2
51023,116,64,52,69,68,39,10,1345,Reg5,3
51023,116,64,52,69,68,37,10,1346,Reg5,3
51023,116,64,52,69,68,40,10,1344,Reg5,3
51025,122,61,61,64,63,31,17,1347,Reg5,4
51025,122,61,61,64,63,29,17,1349,Reg5,4
51025,122,61,61,64,63,32,17,1350,Reg5,4
51025,122,61,61,64,63,30,17,1348,Reg5,4
51026,39,22,17,59,57,21,18,1351,Reg5,2
51026,39,22,17,59,57,18,18,1352,Reg5,2
51027,69,38,31,63,61,24,42,1353,Reg5,2
51027,69,38,31,63,61,26,42,1354,Reg5,2
51028,74,36,38,70,66,38,18,1356,Reg5,2
51028,74,36,38,70,66,36,18,1355,Reg5,2
51031,77,32,45,82,75,36,2,1357,Reg5,2
51031,77,32,45,82,75,34,2,1358,Reg5,2
51032,63,35,28,84,79,30,2,1359,Reg5,2
51032,63,35,28,84,79,33,2,1360,Reg5,2
51033,67,36,31,79,77,33,3,1361,Reg5,2
51033,67,36,31,79,77,34,3,1362,Reg5,2
51034,74,36,38,80,74,37,3,1363,Reg5,2
51034,74,36,38,80,74,37,3,1364,Reg5,2
51035,58,33,25,76,73,31,2,1365,Reg5,2
51035,58,33,25,76,73,30,2,1366,Reg5,2
51036,50,28,22,84,79,24,4,1367,Reg5,2
51036,50,28,22,84,79,26,4,1368,Reg5,2
51038,69,40,29,78,77,35,3,1370,Reg5,2
51038,69,40,29,78,77,34,3,1369,Reg5,2
51039,111,50,61,74,70,38,6,1371,Reg5,3
51039,111,50,61,74,70,37,6,1372,Reg5,3
51039,111,50,61,74,70,36,6,1373,Reg5,3
51040,69,41,28,75,73,34,11,1374,Reg5,2
51040,69,41,28,75,73,35,11,1375,Reg5,2
51041,122,60,62,74,72,36,7,1377,Reg5,3
51041,122,60,62,74,72,37,7,1378,Reg5,3
51041,122,60,62,74,72,38,7,1376,Reg5,3
51042,117,42,75,77,72,37,15,1380,Reg5,3
51042,117,42,75,77,72,38,15,1381,Reg5,3
51042,117,42,75,77,72,36,15,1379,Reg5,3
51043,94,45,49,82,76,29,6,1383,Reg5,3
51043,94,45,49,82,76,33,6,1384,Reg5,3
51043,94,45,49,82,76,32,6,1382,Reg5,3
51044,70,34,36,64,68,32,18,1385,Reg5,2
51044,70,34,36,64,68,38,18,1386,Reg5,2
51045,53,28,25,77,73,27,10,1387,Reg5,2
51045,53,28,25,77,73,26,10,1388,Reg5,2
51046,35,18,17,74,64,35,30,1389,Reg5,1
51048,136,67,69,71,70,34,6,1390,Reg5,4
51048,136,67,69,71,70,34,6,1391,Reg5,4
51048,136,67,69,71,70,33,6,1392,Reg5,4
51048,136,67,69,71,70,35,6,1393,Reg5,4
51049,36,23,13,65,60,36,20,1394,Reg5,1
51050,91,60,31,75,75,35,12,1395,Reg5,3
51050,91,60,31,75,75,22,12,1397,Reg5,3
51050,91,60,31,75,75,34,12,1396,Reg5,3
51051,70,33,37,76,73,36,8,1398,Reg5,2
51051,70,33,37,76,73,34,8,1399,Reg5,2
51052,73,35,38,76,73,37,7,1400,Reg5,2
51052,73,35,38,76,73,36,7,1401,Reg5,2
51053,45,23,22,55,47,21,28,1402,Reg5,2
51053,45,23,22,55,47,24,28,1403,Reg5,2
51054,75,38,37,76,73,37,6,1404,Reg5,2
51054,75,38,37,76,73,38,6,1405,Reg5,2
51055,33,14,19,74,78,33,8,1406,Reg5,1
51056,108,64,44,67,68,35,7,1407,Reg5,3
51056,108,64,44,67,68,37,7,1408,Reg5,3
51056,108,64,44,67,68,36,7,1409,Reg5,3
51057,71,42,29,53,47,36,20,1410,Reg5,2
51057,71,42,29,53,47,35,20,1411,Reg5,2
51058,70,37,33,59,57,37,12,1412,Reg5,2
51058,70,37,33,59,57,33,12,1413,Reg5,2
51059,80,43,37,68,62,32,7,1414,Reg5,2
51059,80,43,37,68,62,25,7,1415,Reg5,2
51062,92,45,47,71,67,30,19,1416,Reg5,3
51062,92,45,47,71,67,32,19,1418,Reg5,3
51062,92,45,47,71,67,32,19,1417,Reg5,3
51063,108,52,56,81,77,36,4,1419,Reg3,3
51063,108,52,56,81,77,36,4,1420,Reg3,3
51063,108,52,56,81,77,36,4,1421,Reg3,3
51068,83,43,40,72,72,28,8,1422,Reg6,3
51068,83,43,40,72,72,28,8,1423,Reg6,3
51068,83,43,40,72,72,27,8,1424,Reg6,3
51069,49,21,28,76,67,26,4,1425,Reg6,2
51069,49,21,28,76,67,23,4,1426,Reg6,2
51070,59,34,25,78,72,32,3,1427,Reg6,2
51070,59,34,25,78,72,27,3,1428,Reg6,2
51071,61,40,21,81,78,39,7,1429,Reg6,2
51071,61,40,21,81,78,22,7,1430,Reg6,2
51072,34,15,19,69,69,34,10,1431,Reg6,1
51074,35,15,20,73,67,35,3,1433,Reg6,1
51075,59,25,34,69,61,29,3,1434,Reg6,2
51075,59,25,34,69,61,30,3,1435,Reg6,2
51076,61,26,35,76,71,28,4,1436,Reg6,2
51076,61,26,35,76,71,33,4,1437,Reg6,2
51077,95,46,49,71,67,31,6,1438,Reg6,3
51077,95,46,49,71,67,32,6,1439,Reg6,3
51077,95,46,49,71,67,32,6,1440,Reg6,3
51078,63,34,29,66,70,32,7,1441,Reg6,2
51078,63,34,29,66,70,31,7,1442,Reg6,2
51079,54,28,26,61,54,28,21,1443,Reg6,2
51079,54,28,26,61,54,26,21,1444,Reg6,2
51080,64,36,28,77,69,30,1,1445,Reg6,2
51080,64,36,28,77,69,33,1,1446,Reg6,2
51082,38,20,18,69,66,38,4,1449,Reg6,1
51083,93,44,49,82,75,29,3,1450,Reg6,3
51083,93,44,49,82,75,31,3,1451,Reg6,3
51083,93,44,49,82,75,33,3,1452,Reg6,3
51084,74,39,35,79,74,36,8,1453,Reg6,2
51084,74,39,35,79,74,38,8,1454,Reg6,2
51086,64,35,29,80,72,31,2,1456,Reg6,2
51086,64,35,29,80,72,33,2,1457,Reg6,2
51087,32,19,13,70,66,32,14,1458,Reg6,1
51088,47,24,23,77,71,22,10,1459,Reg6,2
51088,47,24,23,77,71,25,10,1460,Reg6,2
51090,23,11,12,81,74,23,11,1461,Reg6,1
51091,36,18,18,75,74,36,19,1462,Reg6,1
51092,106,56,50,82,81,35,1,1463,Reg3,3
51092,106,56,50,82,81,35,1,1464,Reg3,3
51092,106,56,50,82,81,36,1,1465,Reg3,3
51093,80,48,32,79,75,40,2,1466,Reg3,2
51093,80,48,32,79,75,40,2,1467,Reg3,2
51098,77,43,34,82,78,34,2,1468,Reg4,2
51098,77,43,34,82,78,33,2,1469,Reg4,2
51100,33,19,14,79,75,33,4,1470,Reg4,1
51103,94,46,48,85,83,32,3,1471,Reg4,3
51103,94,46,48,85,83,31,3,1472,Reg4,3
51103,94,46,48,85,83,31,3,1473,Reg4,3
51104,57,35,22,84,82,28,4,1475,Reg4,2
51104,57,35,22,84,82,29,4,1474,Reg4,2
51107,65,29,36,82,76,33,3,1476,Reg4,2
51107,65,29,36,82,76,32,3,1477,Reg4,2
51111,56,31,25,73,75,23,18,1478,Reg4,2
51111,56,31,25,73,75,25,18,1479,Reg4,2
51112,64,30,34,75,69,27,9,1480,Reg4,2
51112,64,30,34,75,69,28,9,1481,Reg4,2
51116,47,23,24,73,81,19,19,1482,Reg4,2
51116,47,23,24,73,81,21,19,1483,Reg4,2
51117,49,36,13,78,69,24,12,1485,Reg4,2
51117,49,36,13,78,69,25,12,1484,Reg4,2
51118,71,35,36,78,79,31,23,1486,Reg4,2
51118,71,35,36,78,79,32,23,1487,Reg4,2
51119,61,26,35,66,63,32,19,1488,Reg4,2
51119,61,26,35,66,63,29,19,1489,Reg4,2
51120,67,31,36,67,65,28,20,1490,Reg4,2
51120,67,31,36,67,65,30,20,1491,Reg4,2
51121,61,26,35,82,71,31,3,1492,Reg4,2
51121,61,26,35,82,71,30,3,1493,Reg4,2
51122,62,41,21,88,84,41,4,1494,Reg4,2
51122,62,41,21,88,84,21,4,1495,Reg4,2
51124,109,51,58,81,80,34,6,1496,Reg4,3
51124,109,51,58,81,80,36,6,1497,Reg4,3
51124,109,51,58,81,80,32,6,1498,Reg4,3
51126,20,12,8,84,84,20,8,1499,Reg4,1
51127,60,27,33,66,70,25,15,1500,Reg4,2
51127,60,27,33,66,70,26,15,1501,Reg4,2
51130,64,32,32,70,70,30,14,1502,Reg4,2
51130,64,32,32,70,70,28,14,1503,Reg4,2
51132,30,16,14,82,77,30,9,1504,Reg4,1
51133,83,39,44,72,74,21,15,1506,Reg4,3
51133,83,39,44,72,74,26,15,1507,Reg4,3
51133,83,39,44,72,74,23,15,1505,Reg4,3
51135,51,30,21,86,72,27,4,1508,Reg4,2
51135,51,30,21,86,72,24,4,1509,Reg4,2
51138,49,26,23,73,72,19,5,1510,Reg4,2
51138,49,26,23,73,72,20,5,1511,Reg4,2
51145,74,42,32,68,62,24,7,1512,Reg4,3
51145,74,42,32,68,62,20,7,1513,Reg4,3
51145,74,42,32,68,62,23,7,1514,Reg4,3
51147,88,51,37,62,57,27,40,1515,Reg4,3
51147,88,51,37,62,57,24,40,1516,Reg4,3
51147,88,51,37,62,57,26,40,1517,Reg4,3
51157,63,36,27,88,82,25,0,1518,Reg4,2
51157,63,36,27,88,82,24,0,1519,Reg4,2
51163,94,48,46,81,80,33,4,1520,Reg4,3
51163,94,48,46,81,80,30,4,1522,Reg4,3
51163,94,48,46,81,80,31,4,1521,Reg4,3
51164,111,50,61,73,69,34,13,1523,Reg4,3
51164,111,50,61,73,69,34,13,1524,Reg4,3
51164,111,50,61,73,69,33,13,1525,Reg4,3
51166,51,29,22,78,68,26,3,1527,Reg4,2
51166,51,29,22,78,68,25,3,1528,Reg4,2
51167,65,28,37,71,74,34,10,1529,Reg4,2
51167,65,28,37,71,74,31,10,1530,Reg4,2
51172,55,23,32,80,76,28,6,1532,Reg4,2
51172,55,23,32,80,76,27,6,1531,Reg4,2
51178,23,11,12,78,70,23,20,1533,Reg4,1
51179,36,22,14,67,69,18,5,1534,Reg4,2
51179,36,22,14,67,69,18,5,1535,Reg4,2
51186,48,24,24,74,65,24,12,1536,Reg4,2
51186,48,24,24,74,65,24,12,1537,Reg4,2
51188,55,24,31,83,80,24,6,1538,Reg4,2
51188,55,24,31,83,80,31,6,1539,Reg4,2
51189,12,4,8,71,68,12,17,1540,Reg4,1
51190,30,19,11,84,68,30,2,1541,Reg4,1
51193,18,10,8,71,70,18,27,1542,Reg4,1
51194,78,35,43,72,70,34,11,1543,Reg4,2
51194,78,35,43,72,70,32,11,1544,Reg4,2
51199,19,8,11,87,75,19,2,1545,Reg4,1
51203,58,28,30,76,64,31,35,1546,Reg4,2
51203,58,28,30,76,64,27,35,1547,Reg4,2
51208,23,12,11,60,50,23,28,1548,Reg4,1
51244,44,25,19,81,74,22,1,1549,Reg4,2
51244,44,25,19,81,74,22,1,1550,Reg4,2
51246,64,33,31,80,76,33,4,1551,Reg4,2
51246,64,33,31,80,76,31,4,1552,Reg4,2
51247,54,27,27,83,81,27,5,1553,Reg6,2
51247,54,27,27,83,81,27,5,1554,Reg6,2
51255,98,54,44,70,72,32,9,1555,Reg5,3
51255,98,54,44,70,72,33,9,1556,Reg5,3
51255,98,54,44,70,72,33,9,1557,Reg5,3
51256,68,35,33,66,65,35,10,1559,Reg5,2
51256,68,35,33,66,65,33,10,1558,Reg5,2
51257,120,61,59,67,63,40,20,1560,Reg5,3
51257,120,61,59,67,63,40,20,1561,Reg5,3
51257,120,61,59,67,63,40,20,1562,Reg5,3
51259,82,43,39,77,75,26,4,1563,Reg5,3
51259,82,43,39,77,75,27,4,1564,Reg5,3
51259,82,43,39,77,75,29,4,1565,Reg5,3
51263,40,40,0,81,81,40,2,1566,Reg5,1
51266,124,70,54,77,74,30,1,1567,Reg5,4
51266,124,70,54,77,74,33,1,1568,Reg5,4
51266,124,70,54,77,74,30,1,1569,Reg5,4
51266,124,70,54,77,74,31,1,1570,Reg5,4
51267,55,29,26,60,50,27,17,1571,Reg5,2
51267,55,29,26,60,50,28,17,1572,Reg5,2
51269,74,36,38,75,70,37,14,1573,Reg3,2
51269,74,36,38,75,70,37,14,1574,Reg3,2
51273,65,36,29,75,69,22,8,1575,Reg5,2
51273,65,36,29,75,69,21,8,1576,Reg5,2
51275,87,35,52,75,71,39,8,1577,Reg3,2
51275,87,35,52,75,71,39,8,1578,Reg3,2
51276,102,53,49,73,66,32,14,1579,Reg5,3
51276,102,53,49,73,66,25,14,1581,Reg5,3
51276,102,53,49,73,66,33,14,1580,Reg5,3
51277,95,44,51,71,64,30,13,1582,Reg5,3
51277,95,44,51,71,64,31,13,1583,Reg5,3
51277,95,44,51,71,64,34,13,1584,Reg5,3
51278,68,37,31,71,71,34,0,1585,Reg6,2
51278,68,37,31,71,71,34,0,1586,Reg6,2
51279,78,37,41,81,82,27,7,1587,Reg3,3
51279,78,37,41,81,82,26,7,1588,Reg3,3
51279,78,37,41,81,82,26,7,1589,Reg3,3
51281,56,31,25,71,66,31,13,1590,Reg1,2
51281,56,31,25,71,66,25,13,1591,Reg1,2
51282,83,44,39,68,66,28,12,1592,Reg5,3
51282,83,44,39,68,66,27,12,1593,Reg5,3
51282,83,44,39,68,66,27,12,1594,Reg5,3
51283,106,53,53,73,70,40,15,1595,Reg5,2
51283,106,53,53,73,70,40,15,1596,Reg5,2
51288,51,25,26,66,57,23,21,1599,Reg5,2
51288,51,25,26,66,57,28,21,1600,Reg5,2
51289,40,25,15,62,63,40,14,1601,Reg5,1
51290,94,51,43,84,85,32,1,1602,Reg4,3
51290,94,51,43,84,85,31,1,1603,Reg4,3
51290,94,51,43,84,85,31,1,1604,Reg4,3
51291,63,36,27,65,63,26,31,1605,Reg4,2
51291,63,36,27,65,63,24,31,1606,Reg4,2
51295,47,20,27,76,77,25,3,1607,Reg2,2
51295,47,20,27,76,77,22,3,1608,Reg2,2
51296,109,59,50,83,76,34,18,1609,Reg3,3
51296,109,59,50,83,76,32,18,1610,Reg3,3
51296,109,59,50,83,76,35,18,1611,Reg3,3
51297,81,38,43,71,69,33,9,1612,Reg3,2
51297,81,38,43,71,69,37,9,1613,Reg3,2
51298,91,46,45,68,64,28,8,1614,Reg5,3
51298,91,46,45,68,64,29,8,1615,Reg5,3
51298,91,46,45,68,64,34,8,1616,Reg5,3
51299,32,17,15,77,74,32,3,1617,Reg5,1
51300,80,40,40,77,74,40,5,1618,Reg5,2
51300,80,40,40,77,74,40,5,1619,Reg5,2
51302,102,47,55,64,63,34,10,1621,Reg5,3
51302,102,47,55,64,63,34,10,1622,Reg5,3
51302,102,47,55,64,63,34,10,1620,Reg5,3
51303,72,33,39,73,66,40,13,1623,Reg5,2
51303,72,33,39,73,66,36,13,1624,Reg5,2
51304,111,60,51,73,75,35,15,1625,Reg4,3
51304,111,60,51,73,75,35,15,1626,Reg4,3
51304,111,60,51,73,75,7,15,1627,Reg4,3
51305,51,23,28,78,75,25,1,1628,Reg4,2
51305,51,23,28,78,75,26,1,1629,Reg4,2
51307,81,40,41,83,82,25,0,1630,Reg4,3
51307,81,40,41,83,82,27,0,1632,Reg4,3
51307,81,40,41,83,82,29,0,1631,Reg4,3
51309,125,62,63,76,71,37,5,1635,Reg5,3
51309,125,62,63,76,71,38,5,1636,Reg5,3
51309,125,62,63,76,71,38,5,1634,Reg5,3
51310,72,44,28,64,55,34,14,1637,Reg5,2
51310,72,44,28,64,55,38,14,1638,Reg5,2
51311,101,55,46,66,62,33,5,1639,Reg5,3
51311,101,55,46,66,62,34,5,1640,Reg5,3
51311,101,55,46,66,62,34,5,1641,Reg5,3
51312,71,35,36,71,67,29,23,1642,Reg4,2
51312,71,35,36,71,67,33,23,1643,Reg4,2
51313,68,34,34,67,68,33,9,1645,Reg5,2
51313,68,34,34,67,68,35,9,1644,Reg5,2
51314,117,49,68,77,74,29,11,1646,Reg5,4
51314,117,49,68,77,74,30,11,1647,Reg5,4
51314,117,49,68,77,74,28,11,1649,Reg5,4
51314,117,49,68,77,74,30,11,1648,Reg5,4
51315,80,40,40,74,70,40,9,1650,Reg5,2
51315,80,40,40,74,70,40,9,1651,Reg5,2
51316,54,24,30,79,81,28,2,1652,Reg6,2
51316,54,24,30,79,81,26,2,1653,Reg6,2
51317,107,55,52,75,67,37,8,1654,Reg5,3
51317,107,55,52,75,67,35,8,1656,Reg5,3
51317,107,55,52,75,67,35,8,1655,Reg5,3
51318,97,50,47,81,80,30,4,1657,Reg5,3
51318,97,50,47,81,80,33,4,1658,Reg5,3
51318,97,50,47,81,80,34,4,1659,Reg5,3
51319,65,33,32,74,69,31,8,1660,Reg3,2
51319,65,33,32,74,69,34,8,1661,Reg3,2
51320,117,57,60,64,60,38,5,1663,Reg5,3
51320,117,57,60,64,60,39,5,1664,Reg5,3
51320,117,57,60,64,60,40,5,1662,Reg5,3
51322,43,22,21,81,74,24,1,1665,Reg4,2
51322,43,22,21,81,74,19,1,1666,Reg4,2
51323,40,19,21,83,82,40,2,1667,Reg4,1
51324,133,75,58,72,64,32,10,1668,Reg5,4
51324,133,75,58,72,64,35,10,1669,Reg5,4
51324,133,75,58,72,64,35,10,1671,Reg5,4
51324,133,75,58,72,64,31,10,1670,Reg5,4
51330,114,47,67,72,59,40,8,1672,Reg5,3
51330,114,47,67,72,59,38,8,1673,Reg5,3
51330,114,47,67,72,59,36,8,1674,Reg5,3
51331,81,46,35,82,79,35,6,1675,Reg3,2
51331,81,46,35,82,79,37,6,1676,Reg3,2
51332,115,57,58,77,76,40,4,1677,Reg3,3
51332,115,57,58,77,76,40,4,1678,Reg3,3
51332,115,57,58,77,76,35,4,1679,Reg3,3
51333,115,56,59,81,78,38,6,1681,Reg5,3
51333,115,56,59,81,78,39,6,1682,Reg5,3
51333,115,56,59,81,78,38,6,1680,Reg5,3
51334,116,54,62,82,79,40,0,1683,Reg4,3
51334,116,54,62,82,79,39,0,1685,Reg4,3
51334,116,54,62,82,79,37,0,1684,Reg4,3
51335,77,46,31,73,63,38,3,1686,Reg6,2
51335,77,46,31,73,63,39,3,1687,Reg6,2
51338,79,34,45,68,65,39,12,1688,Reg5,2
51338,79,34,45,68,65,40,12,1689,Reg5,2
51339,70,32,38,85,83,34,18,1690,Reg5,2
51339,70,32,38,85,83,36,18,1691,Reg5,2
51340,72,38,34,76,72,29,8,1692,Reg4,2
51340,72,38,34,76,72,32,8,1693,Reg4,2
51341,89,46,43,69,68,31,10,1694,Reg5,3
51341,89,46,43,69,68,29,10,1695,Reg5,3
51341,89,46,43,69,68,29,10,1696,Reg5,3
51346,111,49,62,62,61,37,13,1698,Reg5,3
51346,111,49,62,62,61,36,13,1699,Reg5,3
51346,111,49,62,62,61,38,13,1697,Reg5,3
51347,117,67,50,71,62,39,4,1700,Reg5,3
51347,117,67,50,71,62,40,4,1702,Reg5,3
51347,117,67,50,71,62,38,4,1701,Reg5,3
51352,113,53,60,80,80,32,3,1703,Reg5,3
51352,113,53,60,80,80,34,3,1705,Reg5,3
51352,113,53,60,80,80,34,3,1704,Reg5,3
51353,50,23,27,73,70,26,9,1706,Reg5,2
51353,50,23,27,73,70,24,9,1707,Reg5,2
51354,111,50,61,68,65,37,6,1708,Reg5,3
51354,111,50,61,68,65,39,6,1709,Reg5,3
51354,111,50,61,68,65,35,6,1710,Reg5,3
51356,21,12,9,79,64,21,23,1711,Reg3,1
51360,92,42,50,70,68,25,3,1712,Reg5,3
51360,92,42,50,70,68,33,3,1713,Reg5,3
51360,92,42,50,70,68,31,3,1714,Reg5,3
51361,86,49,37,77,75,29,5,1715,Reg5,3
51361,86,49,37,77,75,31,5,1716,Reg5,3
51361,86,49,37,77,75,26,5,1717,Reg5,3
51364,54,29,25,82,81,26,9,1719,Reg5,2
51364,54,29,25,82,81,28,9,1718,Reg5,2
51365,73,33,40,89,87,38,0,1720,Reg4,2
51365,73,33,40,89,87,35,0,1721,Reg4,2
51368,66,42,24,90,83,34,1,1723,Reg4,2
51368,66,42,24,90,83,32,1,1724,Reg4,2
51369,56,27,29,66,57,28,10,1726,Reg5,2
51369,56,27,29,66,57,28,10,1725,Reg5,2
51371,115,52,63,73,71,40,4,1727,Reg5,3
51371,115,52,63,73,71,38,4,1728,Reg5,3
51371,115,52,63,73,71,37,4,1729,Reg5,3
51372,116,64,52,67,62,40,9,1730,Reg5,3
51372,116,64,52,67,62,40,9,1731,Reg5,3
51372,116,64,52,67,62,36,9,1732,Reg5,3
51375,55,26,29,63,71,28,16,1733,Reg3,2
51375,55,26,29,63,71,27,16,1734,Reg3,2
51412,30,18,12,74,66,30,3,1735,Reg5,1
61001,57,34,23,72,71,29,45,1736,Reg1,2
61001,57,34,23,72,71,28,45,1737,Reg1,2
61003,74,40,34,73,66,31,10,1738,Reg3,2
61003,74,40,34,73,66,33,10,1739,Reg3,2
61004,34,18,16,73,75,34,14,1740,Reg3,1
61005,56,33,23,74,65,28,26,1741,Reg2,2
61005,56,33,23,74,65,28,26,1742,Reg2,2
61006,31,12,19,65,67,31,33,1743,Reg1,1
61009,80,37,43,75,74,40,15,1746,Reg1,2
61009,80,37,43,75,74,40,15,1747,Reg1,2
61012,77,30,47,75,76,38,7,1748,Reg5,2
61012,77,30,47,75,76,39,7,1749,Reg5,2
61013,47,24,23,64,67,23,32,1750,Reg5,2
61013,47,24,23,64,67,24,32,1751,Reg5,2
61016,65,35,30,61,56,34,28,1752,Reg5,2
61016,65,35,30,61,56,35,28,1753,Reg5,2
61018,57,28,29,79,71,27,14,1754,Reg5,2
61018,57,28,29,79,71,30,14,1755,Reg5,2
61020,86,49,37,64,66,36,48,1757,Reg5,2
61020,86,49,37,64,66,39,48,1758,Reg5,2
61021,93,46,47,73,68,32,4,1759,Reg1,3
61021,93,46,47,73,68,31,4,1760,Reg1,3
61021,93,46,47,73,68,30,4,1761,Reg1,3
61022,19,10,9,79,77,19,1,1762,Reg1,1
61023,98,51,47,66,63,34,23,1763,Reg6,3
61023,98,51,47,66,63,36,23,1764,Reg6,3
61023,98,51,47,66,63,30,23,1765,Reg6,3
61025,66,38,28,55,59,36,23,1766,Reg6,2
61025,66,38,28,55,59,34,23,1767,Reg6,2
61026,60,31,29,64,63,25,31,1768,Reg6,2
61026,60,31,29,64,63,25,31,1769,Reg6,2
61027,92,50,42,53,54,29,31,1770,Reg6,3
61027,92,50,42,53,54,29,31,1772,Reg6,3
61027,92,50,42,53,54,30,31,1771,Reg6,3
61029,95,55,40,68,64,36,14,1773,Reg6,3
61029,95,55,40,68,64,25,14,1774,Reg6,3
61029,95,55,40,68,64,26,14,1775,Reg6,3
61030,65,36,29,68,68,34,15,1777,Reg6,2
61030,65,36,29,68,68,32,15,1776,Reg6,2
61032,101,44,57,68,62,34,17,1779,Reg6,3
61032,101,44,57,68,62,35,17,1781,Reg6,3
61032,101,44,57,68,62,33,17,1780,Reg6,3
61033,97,42,55,63,61,34,10,1782,Reg6,3
61033,97,42,55,63,61,34,10,1783,Reg6,3
61033,97,42,55,63,61,31,10,1784,Reg6,3
61035,35,23,12,52,44,35,38,1785,Reg6,1
61037,69,36,33,77,70,35,20,1786,Reg6,2
61037,69,36,33,77,70,34,20,1787,Reg6,2
61038,56,29,27,69,63,28,40,1788,Reg6,2
61038,56,29,27,69,63,28,40,1789,Reg6,2
61040,28,20,8,69,64,28,53,1790,Reg6,1
61042,30,10,20,72,59,30,45,1791,Reg2,1
61043,15,9,6,71,79,15,13,1792,Reg1,1
61047,17,11,6,81,76,17,36,1793,Reg2,1
61049,84,43,41,75,64,43,2,1795,Reg1,2
61049,84,43,41,75,64,41,2,1794,Reg1,2
61055,63,38,25,78,72,26,9,1796,Reg2,2
61055,63,38,25,78,72,24,9,1797,Reg2,2
61058,33,10,23,58,58,33,32,1798,Reg3,1
61063,22,12,10,80,69,22,0,1799,Reg1,1
61064,22,8,14,86,74,22,1,1800,Reg1,1
61070,108,52,56,61,57,27,35,1801,Reg2,3
61070,108,52,56,61,57,29,35,1802,Reg2,3
61070,108,52,56,61,57,13,35,1803,Reg2,3
61073,77,37,40,83,81,34,30,1804,Reg2,2
61073,77,37,40,83,81,29,30,1805,Reg2,2
61074,101,48,53,70,69,34,5,1807,Reg2,3
61074,101,48,53,70,69,34,5,1808,Reg2,3
61074,101,48,53,70,69,33,5,1806,Reg2,3
61079,48,23,25,71,70,26,12,1810,Reg1,2
61079,48,23,25,71,70,26,12,1811,Reg1,2
61084,30,16,14,80,63,30,3,1814,Reg1,1
61085,44,22,22,71,70,21,25,1815,Reg1,2
61085,44,22,22,71,70,23,25,1816,Reg1,2
61089,70,33,37,71,67,37,4,1817,Reg1,2
61089,70,33,37,71,67,33,4,1818,Reg1,2
61093,47,0,47,69,66,28,50,1819,Reg1,2
61093,47,0,47,69,66,19,50,1820,Reg1,2
61095,43,18,25,79,63,23,5,1821,Reg1,2
61095,43,18,25,79,63,20,5,1822,Reg1,2
61102,76,43,33,74,76,33,17,1824,Reg3,2
61102,76,43,33,74,76,32,17,1825,Reg3,2
61103,74,42,32,70,67,34,54,1826,Reg3,2
61103,74,42,32,70,67,32,54,1827,Reg3,2
61104,41,21,20,63,62,21,35,1828,Reg3,2
61104,41,21,20,63,62,20,35,1829,Reg3,2
61105,118,61,57,66,56,30,24,1831,Reg2,3
61105,118,61,57,66,56,28,24,1832,Reg2,3
61105,118,61,57,66,56,32,24,1830,Reg2,3
61106,65,31,34,73,62,36,46,1833,Reg2,2
61106,65,31,34,73,62,30,46,1834,Reg2,2
61116,48,18,30,66,65,25,38,1837,Reg2,2
61116,48,18,30,66,65,25,38,1838,Reg2,2
61117,47,24,23,59,54,28,52,1839,Reg2,2
61117,47,24,23,59,54,19,52,1840,Reg2,2
61124,22,10,12,65,70,22,58,1842,Reg2,1
61136,54,19,35,81,77,30,27,1843,Reg1,2
61136,54,19,35,81,77,28,27,1844,Reg1,2
61137,64,28,36,74,68,33,35,1845,Reg1,2
61137,64,28,36,74,68,32,35,1846,Reg1,2
61138,61,34,27,69,62,25,31,1847,Reg5,2
61138,61,34,27,69,62,27,31,1848,Reg5,2
61139,51,26,25,64,70,8,49,1850,Reg5,2
61139,51,26,25,64,70,20,49,1849,Reg5,2
61141,43,26,17,53,50,25,52,1852,Reg3,2
61141,43,26,17,53,50,22,52,1853,Reg3,2
61143,150,80,70,72,71,30,21,1855,Reg3,4
61143,150,80,70,72,71,33,21,1856,Reg3,4
61143,150,80,70,72,71,33,21,1857,Reg3,4
61143,150,80,70,72,71,9,21,1858,Reg3,4
61145,78,40,38,71,61,34,6,1859,Reg3,2
61145,78,40,38,71,61,31,6,1860,Reg3,2
61149,62,29,33,65,63,31,37,1861,Reg3,2
61149,62,29,33,65,63,32,37,1862,Reg3,2
61151,51,51,0,74,75,27,42,1865,Reg1,2
61151,51,51,0,74,75,24,42,1864,Reg1,2
61152,32,15,17,65,60,32,32,1866,Reg2,1
61156,14,8,6,49,56,14,67,1867,Reg5,1
61157,70,36,34,62,62,27,10,1868,Reg3,2
61157,70,36,34,62,62,29,10,1869,Reg3,2
61163,65,38,27,65,66,25,51,1870,Reg5,2
61163,65,38,27,65,66,29,51,1871,Reg5,2
61165,56,30,26,66,63,26,60,1872,Reg6,2
61165,56,30,26,66,63,30,60,1873,Reg6,2
61171,22,13,9,76,58,22,2,1876,Reg2,1
61174,66,28,38,76,73,37,13,1879,Reg1,2
61174,66,28,38,76,73,38,13,1880,Reg1,2
61178,46,19,27,67,62,24,52,1882,Reg3,2
61178,46,19,27,67,62,22,52,1881,Reg3,2
61179,78,41,37,75,71,26,21,1883,Reg2,3
61179,78,41,37,75,71,27,21,1884,Reg2,3
61179,78,41,37,75,71,27,21,1885,Reg2,3
61183,97,44,53,79,73,30,11,1886,Reg5,3
61183,97,44,53,79,73,33,11,1887,Reg5,3
61183,97,44,53,79,73,26,11,1888,Reg5,3
61186,66,29,37,74,69,34,4,1889,Reg2,2
61186,66,29,37,74,69,34,4,1890,Reg2,2
61188,70,36,34,74,62,36,20,1891,Reg1,2
61188,70,36,34,74,62,36,20,1892,Reg1,2
61193,56,24,32,74,75,29,17,1894,Reg6,2
61193,56,24,32,74,75,27,17,1895,Reg6,2
61196,50,24,26,60,50,26,23,1896,Reg1,2
61196,50,24,26,60,50,27,23,1897,Reg1,2
61197,56,28,28,69,67,20,42,1898,Reg1,2
61197,56,28,28,69,67,23,42,1899,Reg1,2
61198,8,2,6,81,71,8,0,1900,Reg2,1
61199,55,29,26,71,67,23,46,1901,Reg5,2
61199,55,29,26,71,67,23,46,1902,Reg5,2
61202,67,29,38,66,66,36,19,1903,Reg3,2
61202,67,29,38,66,66,33,19,1904,Reg3,2
61204,66,32,34,72,69,34,17,1906,Reg3,2
61204,66,32,34,72,69,33,17,1907,Reg3,2
61205,46,27,19,67,53,23,35,1908,Reg2,2
61205,46,27,19,67,53,23,35,1909,Reg2,2
61209,8,6,2,83,81,8,3,1910,Reg1,1
61213,56,28,28,65,60,27,0,1913,Reg2,2
61213,56,28,28,65,60,27,0,1912,Reg2,2
61219,73,39,34,68,62,37,5,1915,Reg3,2
61219,73,39,34,68,62,39,5,1916,Reg3,2
61221,71,33,38,70,65,36,26,1918,Reg3,2
61221,71,33,38,70,65,35,26,1919,Reg3,2
61223,50,0,50,64,60,26,24,1920,Reg2,2
61223,50,0,50,64,60,24,24,1921,Reg2,2
61224,48,29,19,71,65,23,1,1923,Reg2,2
61224,48,29,19,71,65,26,1,1922,Reg2,2
61227,52,25,27,54,66,29,33,1924,Reg6,2
61227,52,25,27,54,66,28,33,1925,Reg6,2
61228,78,37,41,61,50,35,17,1926,Reg1,2
61228,78,37,41,61,50,35,17,1927,Reg1,2
61232,40,16,24,68,68,18,12,1928,Reg2,2
61232,40,16,24,68,68,22,12,1929,Reg2,2
61233,115,61,54,75,74,39,8,1930,Reg1,3
61233,115,61,54,75,74,40,8,1931,Reg1,3
61233,115,61,54,75,74,39,8,1932,Reg1,3
61237,111,49,62,71,59,33,8,1934,Reg3,3
61237,111,49,62,71,59,33,8,1935,Reg3,3
61237,111,49,62,71,59,34,8,1936,Reg3,3
61238,58,29,29,69,67,29,26,1937,Reg1,2
61238,58,29,29,69,67,29,26,1938,Reg1,2
61239,97,48,49,66,66,34,26,1940,Reg6,3
61239,97,48,49,66,66,30,26,1941,Reg6,3
61239,97,48,49,66,66,33,26,1939,Reg6,3
61240,42,20,22,70,65,22,44,1942,Reg1,2
61240,42,20,22,70,65,20,44,1943,Reg1,2
61243,19,8,11,58,49,19,66,1944,Reg3,1
61244,88,49,39,74,69,27,22,1945,Reg1,3
61244,88,49,39,74,69,31,22,1946,Reg1,3
61244,88,49,39,74,69,30,22,1947,Reg1,3
61247,118,59,59,71,68,29,10,1949,Reg5,4
61247,118,59,59,71,68,31,10,1950,Reg5,4
61247,118,59,59,71,68,31,10,1952,Reg5,4
61247,118,59,59,71,68,27,10,1951,Reg5,4
61248,71,29,42,60,61,36,19,1953,Reg6,2
61248,71,29,42,60,61,37,19,1954,Reg6,2
61251,102,50,52,77,80,31,27,1955,Reg5,3
61251,102,50,52,77,80,30,27,1957,Reg5,3
61251,102,50,52,77,80,29,27,1956,Reg5,3
61252,82,43,39,59,65,26,42,1958,Reg5,3
61252,82,43,39,59,65,28,42,1959,Reg5,3
61252,82,43,39,59,65,29,42,1960,Reg5,3
61253,73,30,43,71,65,37,16,1961,Reg6,2
61253,73,30,43,71,65,36,16,1962,Reg6,2
61254,48,21,27,71,57,28,10,1964,Reg3,2
61254,48,21,27,71,57,29,10,1963,Reg3,2
61255,68,34,34,77,75,35,23,1965,Reg1,2
61255,68,34,34,77,75,35,23,1966,Reg1,2
61256,64,28,36,71,72,31,5,1967,Reg3,2
61256,64,28,36,71,72,32,5,1968,Reg3,2
61261,75,37,38,67,61,32,23,1969,Reg6,2
61261,75,37,38,67,61,31,23,1970,Reg6,2
61262,63,29,34,72,64,33,13,1971,Reg6,2
61262,63,29,34,72,64,33,13,1972,Reg6,2
61265,20,13,7,62,50,20,36,1973,Reg2,1
61269,60,33,27,70,68,31,10,1974,Reg1,2
61269,60,33,27,70,68,31,10,1975,Reg1,2
61271,19,12,7,67,61,19,34,1977,Reg2,1
61274,30,15,15,71,61,30,16,1978,Reg1,1
61277,80,43,37,68,59,27,24,1979,Reg3,3
61277,80,43,37,68,59,25,24,1981,Reg3,3
61277,80,43,37,68,59,27,24,1980,Reg3,3
61278,75,33,42,69,71,38,15,1982,Reg6,2
61278,75,33,42,69,71,37,15,1983,Reg6,2
61284,58,26,32,66,68,30,25,1984,Reg2,2
61284,58,26,32,66,68,30,25,1985,Reg2,2
61290,55,29,26,78,71,27,29,1986,Reg5,2
61290,55,29,26,78,71,28,29,1987,Reg5,2
61291,81,38,43,76,69,39,8,1988,Reg1,2
61291,81,38,43,76,69,42,8,1989,Reg1,2
61292,34,14,20,66,63,34,49,1990,Reg1,1
61293,77,31,46,78,73,31,7,1991,Reg4,2
61293,77,31,46,78,73,47,7,1992,Reg4,2
61294,54,29,25,71,64,28,36,1993,Reg1,2
61294,54,29,25,71,64,26,36,1994,Reg1,2
61297,87,47,40,66,56,37,23,1996,Reg6,2
61297,87,47,40,66,56,40,23,1995,Reg6,2
61298,66,41,25,69,72,32,7,1997,Reg3,2
61298,66,41,25,69,72,33,7,1998,Reg3,2
61299,32,32,0,52,34,32,19,1999,Reg2,1
61300,60,29,31,65,60,30,12,2000,Reg1,2
61300,60,29,31,65,60,31,12,2001,Reg1,2
61308,20,8,12,63,62,20,40,2003,Reg3,1
61311,72,37,35,60,69,36,25,2004,Reg6,2
61311,72,37,35,60,69,36,25,2005,Reg6,2
61312,50,24,26,65,59,24,41,2006,Reg1,2
61312,50,24,26,65,59,26,41,2007,Reg1,2
61314,44,27,17,67,57,27,36,2008,Reg6,2
61314,44,27,17,67,57,17,36,2009,Reg6,2
61316,70,35,35,77,75,36,9,2010,Reg6,2
61316,70,35,35,77,75,35,9,2011,Reg6,2
61317,76,46,30,75,70,32,5,2012,Reg3,2
61317,76,46,30,75,70,33,5,2013,Reg3,2
61318,30,15,15,67,66,30,54,2014,Reg3,1
61320,80,41,39,77,73,35,11,2015,Reg1,2
61320,80,41,39,77,73,34,11,2016,Reg1,2
61321,49,25,24,49,54,27,35,2017,Reg6,2
61321,49,25,24,49,54,27,35,2018,Reg6,2
61325,66,32,34,68,64,32,17,2019,Reg3,2
61325,66,32,34,68,64,34,17,2020,Reg3,2
61326,54,25,29,78,75,27,18,2021,Reg1,2
61326,54,25,29,78,75,27,18,2022,Reg1,2
61327,61,30,31,81,71,27,5,2023,Reg2,2
61327,61,30,31,81,71,33,5,2024,Reg2,2
61329,87,37,50,74,72,30,16,2025,Reg3,3
61329,87,37,50,74,72,30,16,2026,Reg3,3
61329,87,37,50,74,72,28,16,2027,Reg3,3
61331,59,40,19,70,67,30,8,2028,Reg6,2
61331,59,40,19,70,67,30,8,2029,Reg6,2
61335,62,22,40,68,61,32,30,2032,Reg5,2
61335,62,22,40,68,61,32,30,2033,Reg5,2
61338,58,35,23,63,66,29,12,2035,Reg6,2
61338,58,35,23,63,66,29,12,2034,Reg6,2
61339,67,39,28,70,68,33,36,2036,Reg1,2
61339,67,39,28,70,68,34,36,2037,Reg1,2
61341,85,48,37,72,68,30,2,2038,Reg2,3
61341,85,48,37,72,68,29,2,2039,Reg2,3
61341,85,48,37,72,68,28,2,2040,Reg2,3
61343,39,13,26,76,68,39,21,2041,Reg6,1
61344,32,15,17,83,90,32,4,2042,Reg5,1
61346,68,46,22,77,73,34,5,2044,Reg2,2
61346,68,46,22,77,73,34,5,2045,Reg2,2
61347,19,8,11,64,51,19,65,2046,Reg6,1
61348,27,10,17,84,82,27,3,2047,Reg5,1
61349,48,25,23,60,53,25,34,2048,Reg3,2
61349,48,25,23,60,53,24,34,2049,Reg3,2
61350,28,15,13,78,81,28,20,2050,Reg5,1
61351,16,6,10,83,78,16,26,2051,Reg2,1
61359,133,73,60,74,73,35,3,2052,Reg1,4
61359,133,73,60,74,73,34,3,2053,Reg1,4
61359,133,73,60,74,73,34,3,2054,Reg1,4
61359,133,73,60,74,73,32,3,2055,Reg1,4
61364,66,41,25,81,69,33,0,2057,Reg2,2
61364,66,41,25,81,69,33,0,2058,Reg2,2
61365,20,16,4,53,49,20,60,2059,Reg1,1
