assignment,treated,sex,y
1,0,1,8.2521935
0,0,1,.18259715
0,0,0,-.4427411
1,1,0,10.498407
0,0,0,-1.1854945
0,0,0,.3641375
0,0,0,-.4085519
1,0,1,8.3870554
0,0,0,-1.2033333
1,1,1,13.720307
0,0,0,-.00059916952
0,0,1,-.60091931
0,0,0,-.22835431
0,0,0,-1.0446514
1,1,1,9.7021503
1,1,0,7.9483366
0,0,1,2.3843482
1,1,0,9.9467916
1,1,0,8.4744148
0,0,1,.53690684
1,1,1,11.688128
1,0,1,11.526742
1,0,1,8.965621
1,1,0,8.0821915
0,0,0,-1.4376962
1,1,0,7.9048438
1,1,1,13.51969
0,0,1,1.1882954
1,1,0,7.0970778
0,0,1,-1.3141994
0,0,0,-.50127852
0,0,1,.82242203
0,0,1,.38215578
0,0,1,-.83687073
0,0,0,1.4155005
0,0,1,1.636045
1,1,0,8.0175543
1,1,0,7.9780784
0,0,0,1.1080409
1,1,0,9.1489849
0,0,0,.25594816
0,0,1,1.2730258
1,1,0,8.5021963
0,0,0,-.67574853
0,0,0,1.6078861
0,0,1,.18208389
0,0,1,-.36891219
1,1,0,8.9040165
0,0,0,-1.0267535
0,0,1,-1.2411914
0,0,0,2.7188206
0,0,0,.28728634
1,0,1,10.726563
1,1,0,9.0421171
1,0,1,10.424193
0,0,1,.48304972
0,0,0,-.50584167
1,1,1,9.205658
0,0,0,.68978572
0,0,1,.34311688
0,0,1,.70266771
0,0,1,-.80822241
1,1,0,7.8042383
0,0,1,-.79552943
1,0,1,10.250196
0,0,0,1.7495143
0,0,1,1.5668585
1,1,0,7.0741396
0,0,0,1.0463309
0,0,0,-.061067011
1,1,0,9.3913689
0,0,0,1.2445382
1,0,0,2.0564895
1,1,0,9.3684263
0,0,0,-1.5673717
0,0,1,-.71592671
1,0,0,2.3286035
1,0,1,8.6612282
1,0,1,7.7494903
0,0,1,-.0054076165
0,0,0,-1.0506772
1,1,1,12.1196
0,0,1,-1.2037103
1,1,0,8.7114239
1,0,1,9.7705774
0,0,0,.53594375
1,0,0,2.225899
0,0,1,1.3360753
0,0,0,-.64239609
0,0,0,-.54507464
0,0,1,-1.5117066
1,1,0,8.4252052
1,0,1,8.6484776
0,0,0,-.25492683
0,0,1,-.011967441
0,0,0,1.0580109
0,0,0,-1.0602221
0,0,0,1.3198677
1,0,1,11.404326
0,0,0,.74112582
1,0,0,-.29725361
0,0,1,-.99220657
1,1,1,13.792713
1,1,1,11.372387
1,1,0,8.3230171
1,1,0,9.205534
0,0,1,-.019903263
1,0,1,9.2939177
1,1,0,8.7551222
1,1,0,7.9144578
1,1,0,7.5069981
0,0,0,-1.1519867
1,0,1,9.8962069
0,0,1,-.92540842
1,1,1,11.787241
1,0,1,9.0771132
0,0,1,1.3013903
0,0,1,.54181671
0,0,1,1.2417876
0,0,0,.18835771
1,1,1,9.8825226
0,0,1,1.43225
0,0,0,.026648836
1,0,1,8.476903
1,0,1,8.3333387
1,1,0,10.11595
0,0,0,-.4750886
1,1,1,11.41266
1,0,1,9.366025
0,0,0,1.1760538
1,0,1,8.9655457
0,0,0,.66012108
1,0,1,8.8870373
1,0,0,2.2487493
1,1,1,11.902952
0,0,1,-.74867201
1,0,0,3.0338326
0,0,1,-.20381457
1,1,0,10.606695
0,0,1,-.17680731
0,0,0,-.53862011
0,0,0,-.48847756
1,0,1,11.340724
1,1,0,9.5690851
1,1,0,9.8705292
0,0,0,-.14661276
1,1,0,10.161123
0,0,1,-.81786221
1,1,0,7.9058533
1,0,1,9.156311
0,0,1,-1.5366381
1,0,1,9.6776791
0,0,1,-.49117783
0,0,0,1.8023006
1,0,1,8.0597591
1,0,1,11.692776
0,0,0,.80638784
0,0,0,.92650586
0,0,0,.33777377
0,0,0,-1.1361481
0,0,1,1.0730193
1,1,0,9.0251932
1,0,1,10.632662
0,0,0,1.1441871
1,1,0,8.2783508
0,0,0,-1.8830284
1,0,0,.19545686
1,1,0,8.3273897
0,0,1,-.1052952
0,0,1,.15589261
1,1,0,10.021737
0,0,1,1.7180592
1,1,0,9.5026999
1,1,1,10.983009
0,0,1,1.6072274
1,0,1,9.3393364
1,1,0,7.5095382
0,0,0,-2.0839539
0,0,1,.54833877
0,0,0,-1.1358558
0,0,1,-1.0686398
0,0,0,-.60441202
0,0,0,-.85512233
1,1,1,12.982297
0,0,1,-1.4918698
1,0,1,9.825016
0,0,0,-.17294861
1,1,0,7.5706234
0,0,1,-.076401711
0,0,0,-1.5931097
0,0,1,-.18811958
0,0,0,1.6021299
1,1,0,9.6627197
0,0,1,2.6833608
0,0,1,.096855544
1,0,1,8.1611586
1,0,1,10.192352
1,1,1,10.274381
1,1,0,10.610594
1,1,0,8.3609304
1,1,0,8.6302185
1,1,1,9.7244406
0,0,1,-1.6992102
0,0,1,-1.9836979
1,0,1,8.9066639
1,0,1,10.596455
0,0,1,1.271668
0,0,0,-.42242935
0,0,1,-.14927833
0,0,0,.32930169
0,0,0,.75871491
1,0,1,10.337111
1,0,0,4.4380636
0,0,1,1.1075466
0,0,1,-.74532074
1,0,1,10.363487
0,0,0,-.6038608
0,0,0,.68657637
1,1,0,8.2765093
1,0,0,1.5860938
1,1,0,9.2988997
0,0,1,.38648281
0,0,1,-1.1990432
1,0,1,9.6409645
0,0,0,-1.9034739
0,0,1,.25107884
0,0,1,.2183401
0,0,1,.20689619
0,0,0,-.046552703
1,1,0,7.9244819
1,1,0,7.6354756
1,1,0,9.7943554
0,0,0,1.9391376
1,0,1,9.3553438
0,0,0,-2.060262
0,0,0,.072396234
1,1,1,10.581641
1,0,1,9.6715088
0,0,1,.23188515
0,0,0,-.29553294
0,0,0,-.86863613
1,0,1,10.902853
1,1,0,9.2968025
0,0,1,.76743907
1,1,1,12.244059
1,0,1,8.1764526
0,0,1,1.0679584
0,0,1,.043536492
1,0,1,11.376283
0,0,1,-.89593697
1,1,0,8.1199408
1,1,0,7.9882894
1,0,1,10.933198
1,1,1,10.434916
1,1,0,7.7985129
1,1,0,7.6165352
1,0,1,10.227177
0,0,1,-.17577551
0,0,0,-.36953756
0,0,1,-1.2143674
1,0,1,10.976962
1,0,0,1.9421387
1,1,0,6.9164729
1,0,0,1.1327024
1,1,0,7.8674312
1,0,1,8.8807755
1,1,0,8.4795866
1,0,1,8.4371881
0,0,1,-1.0164886
0,0,1,2.4469047
0,0,1,-.96021163
0,0,1,-.018907947
0,0,1,.40469038
0,0,1,-1.4232805
1,0,1,7.9918151
0,0,0,-.59131801
0,0,0,-.56855595
1,1,1,10.998349
0,0,1,-1.2397439
1,1,1,10.302489
1,0,1,10.690076
0,0,1,-.067041643
1,0,1,7.5588889
0,0,1,-.61115068
1,1,0,6.8628626
0,0,1,-1.4957907
1,1,0,8.7700157
1,0,1,9.4909906
0,0,0,.35427532
1,1,0,11.014443
0,0,1,-.87041974
0,0,1,.45355573
1,0,0,.21852589
1,1,0,9.8040791
1,0,1,10.709867
1,0,1,10.239656
1,1,0,6.9742064
0,0,0,.2775383
0,0,0,-1.1711384
1,1,1,10.388869
1,1,0,7.864224
0,0,1,-.17686026
0,0,0,.39799809
0,0,1,.023085181
0,0,0,-.21953607
1,1,1,10.839861
0,0,1,-.91505706
1,0,1,10.743608
0,0,0,-.54949427
1,1,0,7.9666576
1,1,0,8.8799734
0,0,1,-.8967644
1,1,0,8.3022442
0,0,0,.40746596
1,1,0,9.6131697
0,0,1,-.44427761
0,0,0,-.30492887
1,0,1,9.6792326
1,0,0,2.2621303
1,1,0,8.5144415
0,0,0,-.79181224
1,1,1,11.768981
1,1,0,8.9311352
1,1,1,10.339274
0,0,1,-1.05832
1,0,1,9.1931362
1,1,0,8.5346699
0,0,1,-1.9466027
1,1,0,7.2671075
1,0,1,10.679654
1,0,0,1.2092249
0,0,0,1.3833611
0,0,0,.21964437
0,0,0,-1.2783388
1,0,1,10.328445
0,0,1,.97912359
1,0,1,7.7366352
0,0,1,.73014969
0,0,0,-1.6947967
0,0,0,-1.0783532
1,0,1,9.6462688
1,1,0,8.7844019
0,0,0,-.15961601
0,0,1,-.038538907
0,0,0,.29083166
0,0,0,-1.6692556
1,0,1,10.096452
1,1,0,8.6959639
0,0,0,1.8509276
1,0,1,9.9075441
0,0,1,-1.0029225
1,1,1,10.151887
0,0,0,.045960419
1,0,1,9.8332748
1,0,1,11.335535
0,0,0,-.50428128
0,0,1,-.056772787
1,0,1,8.5478745
1,1,1,11.095213
0,0,0,.010496578
0,0,1,-2.1162543
0,0,0,.26629135
1,1,0,9.7252655
1,1,0,9.4993505
1,0,1,8.9401588
0,0,1,.59575999
1,0,1,9.8496027
0,0,1,-.98552698
1,0,1,9.1699266
0,0,0,.29010129
1,0,1,9.3928528
1,1,0,9.2982235
0,0,0,.31216618
1,0,1,8.5229979
1,1,1,7.8545532
0,0,0,-.49519047
0,0,1,-.21859288
1,1,0,9.0132389
0,0,0,2.0502484
0,0,0,.19005445
1,1,0,6.4343638
1,0,0,.21148145
0,0,0,-.30975828
0,0,0,-.094678499
1,1,0,8.6879473
1,0,1,8.4352722
1,1,0,6.9446578
1,0,1,9.4222775
0,0,0,1.3991851
0,0,1,-.52746749
0,0,1,-1.0297323
0,0,1,1.2893521
0,0,1,.6734587
0,0,0,-.29933962
1,0,1,8.942955
0,0,0,-.67346019
1,1,0,8.9256229
1,0,1,9.043314
1,0,1,9.0556068
1,1,0,9.4528484
1,0,1,9.0426826
0,0,0,-1.1882467
1,1,0,8.4026623
0,0,1,-.84554195
0,0,1,.22072549
0,0,1,-.57819873
1,1,0,9.9945774
1,0,1,10.444618
1,0,1,8.4651585
1,0,1,9.2343674
1,0,1,7.5223536
1,1,1,10.278444
0,0,1,1.2183501
1,1,0,7.6186891
1,1,0,8.0302038
1,1,0,7.3366203
1,0,0,-.94372058
0,0,0,-.72164476
1,1,0,9.4626245
1,1,0,8.8988361
1,1,0,8.1356049
1,1,0,8.7470474
0,0,1,.38920686
0,0,0,-1.329478
0,0,0,-.24090508
0,0,1,-.66860712
0,0,1,-1.4582018
1,0,1,10.145446
1,0,1,10.790377
0,0,1,.014991581
0,0,0,-.32897252
1,0,1,10.4553
1,1,0,6.7123203
0,0,1,-.91929615
0,0,0,-.38421869
0,0,1,-.66382182
1,0,1,10.863825
1,0,1,8.3321095
0,0,0,-.90060282
0,0,1,.69337994
1,0,1,8.0068216
1,1,0,7.4454422
0,0,0,-.10677458
0,0,1,2.0409005
1,0,1,8.1798372
0,0,0,1.0379021
1,0,1,9.1292725
0,0,1,1.9500213
1,1,0,7.8355188
0,0,0,-.36597013
0,0,1,-.72342443
1,0,1,9.8434029
0,0,0,.67569888
0,0,1,.71977967
0,0,0,-.88355547
0,0,0,.26848191
0,0,0,-1.1007605
0,0,0,-.13723584
0,0,1,-.58114201
0,0,1,-.071898185
0,0,0,-.52073956
1,1,0,9.2699356
0,0,1,-.32507756
1,0,1,7.8308277
0,0,0,-1.6742976
1,0,1,9.8022633
0,0,0,-.59957981
0,0,0,.89215529
0,0,1,-1.8328294
1,1,0,8.4464808
1,0,1,11.354616
1,0,1,10.197855
1,0,0,1.9127166
0,0,0,.49557844
1,0,1,10.050386
1,1,0,8.769269
1,0,1,10.288214
0,0,1,-1.9652929
0,0,1,.59798121
1,1,0,8.0856113
1,0,0,.36177874
1,0,1,11.296171
0,0,1,.10126095
1,1,0,9.0054083
1,1,0,7.487721
1,1,0,7.9018221
1,0,1,8.5222635
1,1,0,9.6090221
1,0,0,1.555191
0,0,1,-.063024111
1,1,0,9.3797512
1,1,0,8.6418285
1,0,1,9.0789909
1,1,1,10.687119
1,1,0,8.5431337
0,0,0,1.3676355
1,1,0,8.1940241
0,0,1,.038038488
1,0,1,9.0709906
1,0,1,11.890633
1,0,0,.65904319
0,0,0,.25265461
0,0,0,.74031043
0,0,0,-.51614702
1,1,0,7.8548932
1,1,0,9.2536316
1,0,0,2.1724746
1,1,0,9.5234995
1,1,0,7.4715848
0,0,1,-1.2918031
1,1,1,11.174898
0,0,1,1.6445903
1,0,1,8.8841362
1,0,1,11.31806
1,1,0,10.17635
0,0,0,-.88857293
1,0,1,9.2776508
1,0,1,9.7928877
0,0,1,1.6432215
0,0,1,.099258654
0,0,1,-1.5463201
0,0,0,.92676342
1,0,1,9.0637627
1,1,0,8.8342695
1,0,1,11.675504
1,0,0,-.58329225
0,0,1,-1.4888924
0,0,1,-.27346942
0,0,1,-.7509346
0,0,0,2.189383
1,0,1,8.7937183
0,0,1,1.626489
0,0,0,1.0831554
1,1,0,5.9249945
1,1,0,5.5033321
0,0,0,-.93043959
1,0,1,10.649032
0,0,0,.49503481
1,1,0,8.0612459
1,0,1,10.790333
1,0,1,9.1828346
1,0,1,8.8761435
0,0,1,.98826778
1,0,0,1.8096347
0,0,0,1.4262998
0,0,1,.00942118
0,0,0,.44662201
1,0,1,11.57182
0,0,1,.56408024
1,1,0,9.3413963
0,0,0,-1.117125
1,1,1,10.664007
0,0,0,-.042801157
1,0,1,8.4103975
0,0,0,-.37155947
1,0,1,10.470442
0,0,0,-.098368488
0,0,0,.53092778
1,1,0,8.6191845
1,0,0,1.5122219
0,0,0,-.1322103
1,1,0,8.6078882
0,0,1,.56168544
1,1,0,9.2655449
0,0,0,1.0071663
1,0,1,9.1849852
1,0,0,2.7973285
0,0,1,-.24773125
1,0,0,1.2957528
1,0,1,8.1759109
1,0,1,9.2805986
1,1,0,8.294404
1,0,1,9.6079741
0,0,0,.83676976
0,0,1,-1.5614518
1,0,0,1.9493737
1,1,0,9.0681791
1,1,0,7.8023224
1,1,1,10.811704
1,0,1,9.4677639
1,1,0,6.868742
1,0,1,10.285621
0,0,1,-1.3842359
0,0,1,-.89388222
1,1,0,7.7130594
0,0,1,1.3761195
0,0,0,.00036422675
0,0,1,1.0425175
1,0,1,8.8656254
1,0,1,8.3480358
1,1,1,10.484993
1,0,1,9.1330814
0,0,0,-2.330929
1,1,0,8.5002184
0,0,1,.53092533
0,0,1,-.074893579
0,0,0,-.3963052
1,0,0,1.9372731
0,0,0,1.3274605
0,0,0,-.35556635
1,1,0,7.8422947
0,0,1,.49409536
1,0,1,7.7886372
1,1,1,10.111962
0,0,1,1.5325906
1,1,0,10.175573
0,0,1,-.45268676
1,1,0,10.07961
1,0,1,9.8874865
0,0,0,.48993748
0,0,1,-.28673252
1,1,1,12.72195
0,0,1,.47101155
0,0,0,-1.7346531
0,0,1,-.069792345
0,0,0,-.4547264
0,0,0,-1.7217389
0,0,0,.12094091
0,0,0,1.1669718
1,1,1,10.0912
1,1,0,8.4589691
0,0,0,.25350779
0,0,0,.82446891
0,0,1,-1.9933555
0,0,0,.50965673
1,1,0,7.2835598
1,0,1,6.3671207
1,0,0,.94656157
0,0,0,.97356737
1,0,1,11.190643
1,0,1,10.061927
1,0,1,9.8755655
1,0,1,8.0216551
1,1,1,10.358934
0,0,0,2.0753207
1,0,1,10.200139
1,1,0,9.9487419
1,1,0,7.6765881
1,1,0,7.000248
1,0,1,10.101825
0,0,1,-2.2256501
0,0,0,.73455739
1,1,0,9.4235945
1,0,0,4.6246133
0,0,0,.91677696
1,1,1,11.675596
1,1,1,10.094194
0,0,1,-.94821173
1,0,1,9.6457949
1,0,1,9.6625099
1,0,1,8.3559065
1,1,0,7.2768955
0,0,0,-.24465309
0,0,0,-1.6064289
1,1,0,8.4039898
1,1,1,9.7946243
0,0,0,.18671951
0,0,0,.033781692
0,0,1,-1.5226011
0,0,0,-1.876639
0,0,1,-.69478297
1,1,0,8.8622274
0,0,0,1.1395288
0,0,1,.98565698
1,0,1,11.132092
1,1,0,7.1499529
1,0,1,10.475067
0,0,1,.9795168
0,0,0,-1.8897113
0,0,1,2.5957196
0,0,0,.095667847
0,0,0,.011962683
0,0,0,1.2821929
1,0,1,10.250648
0,0,1,-.53354305
1,1,0,9.2956562
1,1,0,8.0048409
1,0,1,10.615117
1,0,0,.74234492
0,0,0,-.18284871
0,0,1,.66416365
0,0,0,.084248886
1,0,1,10.047701
1,0,1,7.6199532
0,0,1,-.56350034
0,0,1,-.35843581
1,0,1,11.311125
1,0,1,9.5356045
1,1,0,9.2859926
0,0,1,.55017233
0,0,0,-.7582497
1,1,0,8.1534281
1,0,1,9.2566366
1,0,1,9.8078346
1,1,0,9.7860489
0,0,0,.89901543
0,0,1,.52782309
0,0,1,-1.1816673
0,0,0,-.36312911
0,0,0,-.083837174
1,1,1,11.549578
0,0,1,.021401394
1,0,1,9.3562984
1,0,0,.57361454
0,0,1,-2.3362398
0,0,0,-.67400336
0,0,0,-1.4256858
0,0,1,-.23669021
0,0,0,1.4611665
0,0,1,-.34634966
0,0,1,.30416954
1,1,0,9.8304768
1,1,0,9.7768841
0,0,0,1.1667682
1,0,0,1.9793626
0,0,1,.13294479
0,0,0,-.31517062
1,0,1,10.358408
1,1,1,11.10261
1,0,1,9.1116495
1,1,0,7.7396846
0,0,1,-.44903117
0,0,0,-1.0974504
0,0,0,-.091251977
0,0,1,-.084982902
0,0,0,1.2021984
1,0,1,7.25597
0,0,0,-1.684444
0,0,0,-.65429503
0,0,1,.56849623
1,1,1,9.0694637
0,0,1,-.48038951
1,1,0,6.9522095
0,0,0,-1.203179
1,1,0,7.720644
1,0,1,9.7472715
1,1,0,8.3993225
1,0,1,7.9512906
1,1,1,12.970711
0,0,0,1.4396299
0,0,1,-.35149521
1,0,1,8.8567886
0,0,1,.39246503
0,0,0,.57053173
0,0,0,-1.8935865
1,1,0,8.1056767
1,0,1,9.3497086
0,0,0,1.5623461
1,0,1,8.7048702
1,1,0,8.1576691
1,0,1,7.4842014
0,0,0,.050985128
0,0,0,-.91512024
1,0,1,8.9865341
1,0,1,10.182427
0,0,1,-1.1927136
0,0,0,-.56984854
0,0,1,-.6003058
1,1,0,8.7786121
1,1,0,7.4641581
1,0,1,8.865037
1,1,0,8.1509514
0,0,1,-.73409283
0,0,1,-.30220363
0,0,0,.10177849
1,1,0,7.1379333
0,0,0,1.0685
0,0,1,-1.3909386
1,0,1,9.3840275
1,0,1,9.7254725
1,1,0,10.145592
0,0,0,.97349197
0,0,0,-.95022243
1,1,1,10.215902
0,0,0,-1.070011
0,0,0,1.9213406
1,1,0,8.2486477
1,1,0,7.7508774
1,0,1,9.2832518
1,0,1,10.157461
1,1,0,8.6453285
1,0,1,10.860128
1,0,0,.88813382
0,0,0,-.30717611
0,0,1,1.1869327
1,0,1,10.540456
1,1,0,9.0558987
1,1,0,9.0103359
0,0,1,.46842092
1,1,1,9.5738554
1,1,0,7.6409397
0,0,0,-.23224407
0,0,0,.30991009
0,0,0,-.68842566
1,1,0,8.1784925
0,0,0,.29188183
1,0,0,.14308202
0,0,0,-2.2724564
0,0,1,-.33554956
1,0,1,9.0154924
1,1,0,8.9058475
1,0,1,9.3423491
0,0,0,-1.7656068
0,0,1,.0096210362
1,0,1,9.1889496
1,1,1,10.687471
1,0,1,9.8322916
1,1,0,6.5443888
1,0,1,9.7629557
0,0,0,.65612131
1,1,1,11.832345
1,0,0,.78567243
0,0,0,-1.9600769
1,1,0,9.0344086
0,0,0,.94654399
1,1,0,8.9078636
0,0,1,.15801212
1,0,1,12.164087
1,0,1,8.9323463
1,0,1,11.112779
1,1,0,9.4680719
0,0,1,.31291413
0,0,0,-.91446346
0,0,1,-1.8864806
0,0,0,-.53629535
1,0,1,7.2784743
0,0,1,-.58167309
0,0,0,-1.3289059
0,0,1,-.30992892
0,0,0,-3.0241976
0,0,1,-1.1978368
1,1,1,11.986085
1,0,1,10.633442
0,0,0,-.64726746
1,0,1,9.2440491
1,0,1,9.7216568
0,0,1,.45353892
1,0,1,9.4193478
0,0,0,.63377368
0,0,1,.27527359
0,0,1,-.61802346
1,1,1,10.815924
1,1,0,8.8513508
0,0,1,-.086176567
0,0,0,-.96918535
0,0,0,-1.3981642
1,0,1,9.5838242
1,0,1,9.6959581
1,1,0,9.1601982
1,1,0,9.2205982
0,0,0,2.3610601
0,0,0,-.63926351
1,1,0,9.0723171
0,0,1,-.98659885
1,1,1,10.857165
0,0,1,-.4238019
0,0,0,-.66918647
1,0,1,10.923817
1,1,1,12.221332
0,0,0,-1.9282935
1,0,1,9.1360922
1,0,1,7.9511747
1,0,1,9.8814907
1,0,1,8.7944498
1,1,0,8.879034
0,0,0,.18307988
0,0,1,.24541813
0,0,1,2.2045269
1,1,0,7.446928
0,0,1,.048103653
1,1,0,7.0927896
0,0,1,-.015562087
0,0,1,.37133089
0,0,0,.76328385
1,0,1,9.273365
1,0,1,9.2090969
0,0,0,-.12601556
0,0,0,-.72196686
1,1,0,8.9228487
1,0,1,10.997922
1,0,1,9.9711952
1,1,0,10.141326
0,0,0,1.0806054
1,1,0,8.7622528
0,0,0,-.65846646
0,0,0,-.4579401
0,0,1,-1.2543904
1,0,1,11.123998
1,0,1,9.7605495
1,1,0,8.0353498
1,0,1,9.494463
1,1,0,6.7820272
0,0,0,-.26047733
0,0,1,2.0065613
0,0,0,1.5764691
0,0,0,-.37531051
1,1,0,9.8230238
0,0,1,.26919511
0,0,0,-.62733358
1,0,1,9.0379686
0,0,0,.42225888
0,0,0,.21307284
0,0,1,-2.0678854
0,0,0,-.81697023
0,0,0,-.5115099
1,1,1,12.599315
1,1,0,8.874958
0,0,1,-1.449154
0,0,1,.67027944
1,1,0,9.0338821
0,0,1,-.98073864
1,0,1,9.230895
0,0,1,-.47706556
1,1,0,9.3724575
1,0,1,7.5343056
1,1,1,11.360162
0,0,0,1.024677
1,0,1,7.8236384
1,0,1,9.0013199
1,1,0,9.2213964
0,0,1,2.2562282
0,0,1,-1.900187
1,0,0,1.3461299
1,1,1,10.930033
1,1,0,7.9339471
0,0,0,-.016420607
0,0,0,.90058303
0,0,0,.62729323
0,0,1,-1.072418
1,1,0,8.4134779
1,0,1,10.273481
1,1,0,7.8234549
1,1,0,8.4893112
1,1,0,8.0445957
0,0,0,-.046446078
1,0,1,8.4109945
1,0,1,11.143026
1,0,1,10.529149
1,0,0,1.9192791
0,0,1,-1.4342288
1,0,1,8.1347914
0,0,0,.65746468
1,0,1,9.5604134
1,1,0,8.0803356
0,0,0,-.77351934
1,1,0,8.9371834
0,0,1,-.77076298
1,1,0,9.2498207
1,1,0,9.6943417
0,0,0,1.1201968
0,0,1,-.307026
0,0,0,-.1031983
1,0,0,-.57841706
0,0,1,-1.0387869
0,0,1,-.72013807
0,0,1,-.62513119
0,0,0,.90074313
0,0,1,-1.1775132
1,1,0,7.3784142
0,0,1,2.3142149
1,1,0,7.5787973
1,0,1,9.0280218
1,1,0,7.829843
0,0,1,.38089895
0,0,0,-1.0522053
1,1,0,9.114274
0,0,0,.041238736
0,0,1,.83226478
0,0,0,1.9115758
0,0,1,-.52922523
1,1,0,9.8394222
0,0,0,.49461395
1,1,0,9.3432302
1,0,1,9.54212
0,0,1,-2.4710999
0,0,0,.089262463
0,0,0,-.36738548
1,0,1,9.5635462
0,0,1,.6526081
1,0,1,10.888784
0,0,0,.22947843
1,1,0,9.1815958
0,0,1,-.10772932
0,0,1,-.43730098
1,0,1,9.5656805
1,1,0,7.8525267
1,1,0,8.3766022
1,1,0,8.3054705
1,0,0,2.1990259
1,0,1,9.5857
0,0,1,-1.2016751
1,0,0,-.31710482
1,1,0,9.7007456
1,1,0,9.2887497
0,0,1,.6523298
0,0,0,.89783782
1,1,0,7.6589699
1,1,0,8.1944761
1,1,0,8.7925959
0,0,0,.039308771
0,0,0,-.17259796
1,0,1,8.888979
1,1,0,8.3239059
1,0,1,8.8411684
0,0,0,-.50736523
0,0,1,-.80659539
0,0,1,.00067245075
1,1,0,9.0471363
0,0,0,.84295726
0,0,0,1.2830048
0,0,0,1.3124889
1,0,1,9.9541693
0,0,0,-.23757564
1,0,1,10.835048
0,0,0,-1.5571575
0,0,1,-.68303853
1,1,0,9.4899044
1,1,1,10.276911
0,0,0,-.80829555
1,0,1,9.6585474
1,1,0,6.7682467
0,0,0,2.9593594
1,0,1,10.24833
0,0,1,-.47061989
0,0,1,.036382172
1,1,0,8.9836264
0,0,1,-.45514429
1,1,0,8.8183346
0,0,0,-.46780038
0,0,0,-.42543221
1,0,1,9.9214926
0,0,0,.73709047
1,1,0,5.9211988
0,0,0,.59854823
1,0,1,10.433416
0,0,1,-1.1233754
0,0,0,1.4210166
1,1,0,8.3240643
1,1,0,8.2176819
1,0,1,11.287285
0,0,0,-.46100491
1,0,1,9.8351736
0,0,1,1.1841637
0,0,0,-1.2728302
1,1,1,10.720355
0,0,0,-.73900974
0,0,0,1.1076696
1,1,0,7.5074196
1,1,0,7.5190845
0,0,1,.34197226
1,0,0,2.7481761
1,1,0,8.3481731
0,0,1,-2.2537673
1,1,0,9.3187485
1,0,1,8.9660635
0,0,0,-.90693486
0,0,1,.85667908
0,0,0,.50640249
1,0,1,9.1163311
0,0,0,-.13270497
1,0,1,10.052541
1,1,1,11.437447
1,0,1,9.3677912
1,1,0,5.6540065
1,0,1,9.4368238
1,0,1,10.107027
0,0,1,.052461196
0,0,1,-.79326677
1,0,0,1.5197831
1,0,0,.22800541
1,1,0,8.2210045
0,0,0,.19563711
1,1,1,10.87709
1,1,0,10.617269
1,1,0,8.8649883
1,1,0,9.3711576
0,0,0,-.4518595
1,0,1,8.8275585
0,0,0,-.22749707
0,0,1,-.038398158
1,1,1,11.271358
0,0,1,.88246262
1,1,0,8.978159
1,1,0,6.6342888
0,0,0,.8705799
1,0,1,9.3781605
0,0,1,.87578982
0,0,1,-1.2376183
1,1,0,8.6750975
0,0,0,-.77819872
1,0,1,9.0711908
1,0,1,10.413751
0,0,0,-.15843578
1,0,1,8.8140411
1,0,1,9.4994717
1,0,0,-.006229043
1,0,1,9.8470726
0,0,0,.38888884
1,0,1,11.394507
0,0,1,-.79834151
0,0,0,1.3436452
0,0,1,-.82420665
1,1,0,11.248343
0,0,1,1.9422045
0,0,0,-.3270728
0,0,0,.59874737
1,1,0,10.351891
1,0,1,9.3735609
1,0,0,1.5155505
0,0,1,-1.0860323
1,0,0,2.6331747
1,1,0,8.8364477
1,1,0,6.8368783
0,0,1,1.323998
1,1,0,8.5718775
1,1,0,9.5400925
0,0,1,1.8138568
0,0,1,-1.778385
1,1,0,9.16292
0,0,1,.05435174
1,1,0,9.386508
1,1,0,7.8736458
1,0,0,1.8482955
0,0,1,1.0090119
1,0,1,9.0895472
1,1,1,11.16058
1,0,0,3.7401466
0,0,1,-.58410388
1,0,1,9.0568228
0,0,1,-.68882775
1,1,0,9.7350998
0,0,0,-.1049436
1,1,0,7.2162757
0,0,0,-.47919723
0,0,1,-.45439792
1,1,0,7.4985142
1,1,0,8.8892145
1,0,1,8.9235907
0,0,1,-.066136755
1,0,1,9.377862
0,0,0,-.084773503
1,0,1,10.559866
1,1,1,13.522989
0,0,1,.36431742
0,0,1,-.13470055
1,1,1,13.572064
1,1,0,7.9463797
0,0,1,.87277222
0,0,0,1.7868248
1,1,0,8.0930948
0,0,0,-.80151486
1,0,1,7.4786663
1,1,0,9.5276947
0,0,0,.18642358
1,1,0,8.3379869
1,0,1,7.1383533
1,1,0,9.6298733
0,0,1,-.87370461
0,0,1,1.5319414
0,0,1,-2.1709991
0,0,1,.93640423
0,0,0,-.36614713
0,0,0,.70450765
0,0,1,-.9201932
0,0,1,-.06420356
1,1,0,7.378881
1,1,1,11.305818
1,0,1,8.9151297
0,0,0,-.45250791
0,0,1,-.47346637
0,0,0,-2.107918
1,1,0,8.7719917
0,0,1,1.0899373
0,0,0,.34376287
1,0,1,9.3608274
1,0,0,.98277646
0,0,1,-1.0688145
1,1,1,10.724929
1,0,0,1.2534691
1,1,0,8.9531193
0,0,1,.12196183
1,0,1,9.6354237
1,0,1,9.759655
0,0,1,-.059506975
0,0,1,.82990545
1,1,1,10.273841
0,0,0,1.6582123
0,0,1,.046948064
1,1,0,8.3136091
1,1,0,8.0067463
0,0,1,1.2462871
0,0,0,.059621904
0,0,0,1.6451353
1,1,0,9.0726681
0,0,0,-.058789197
0,0,0,.27283856
1,0,1,8.6158342
1,1,0,9.4460707
0,0,0,.09609884
0,0,0,-.34755388
0,0,0,-1.5702058
1,1,1,10.028641
0,0,0,-.065757163
1,1,0,9.3725166
0,0,1,-.9643591
1,1,1,10.800497
0,0,1,.069534287
0,0,0,-1.6350889
1,0,1,9.7507925
1,0,1,9.6194668
0,0,0,-2.3638854
1,1,1,11.088738
0,0,1,-.26702735
1,0,0,2.6920857
0,0,0,.85528398
0,0,0,.58214581
0,0,0,-.23708564
1,0,1,9.1962881
1,0,0,1.3274312
0,0,1,-1.0567743
1,0,1,11.518038
1,1,0,8.2869301
1,1,1,11.263785
1,0,1,9.6746569
0,0,0,-.36309737
1,1,0,8.6891212
0,0,1,.5587576
0,0,1,-.70526886
0,0,0,1.4527762
1,0,0,2.2139807
0,0,0,-.074511737
0,0,1,-.79370248
1,1,0,8.1407099
1,1,0,8.2393456
1,1,0,8.3929214
1,1,0,7.9650688
0,0,1,.52276063
0,0,1,-.22706698
0,0,1,.076041199
0,0,1,-1.97166
0,0,0,.54424912
1,1,0,8.7152748
0,0,1,1.2396469
0,0,0,-1.2472167
0,0,1,-.35014799
1,0,1,10.32396
0,0,0,1.2971618
1,1,0,6.810061
0,0,0,2.40341
0,0,0,-.4272846
0,0,1,-1.1670309
0,0,0,1.2008079
0,0,1,-.69373548
1,0,1,8.2544451
0,0,0,.10054339
0,0,0,.41412985
1,0,1,11.845922
1,1,1,9.8068771
1,1,1,11.858112
0,0,1,1.0934948
0,0,0,.36672345
1,0,1,9.0462027
1,0,1,8.7996712
1,1,0,9.6281366
0,0,1,.11402204
0,0,0,.9017657
1,0,1,10.396936
0,0,1,1.6624621
1,0,1,8.4793072
0,0,1,1.3828195
1,0,1,9.7857409
0,0,1,.22870679
1,0,0,2.1756916
0,0,0,.81669581
0,0,1,-3.2371147
0,0,1,.28461957
1,1,1,9.9200745
1,1,0,6.5234656
1,1,0,8.1634731
0,0,1,.075195573
0,0,0,-.7843979
0,0,0,.89181471
1,1,0,9.0178881
1,0,1,10.546127
0,0,0,1.9658501
0,0,1,.10657357
0,0,1,-1.7740591
0,0,0,.60114342
0,0,0,-.11366565
1,0,1,9.151185
0,0,1,-1.1584638
0,0,1,-.9882533
0,0,0,-.91049004
0,0,0,-.35804689
1,1,0,9.0251551
0,0,0,-1.2179294
0,0,0,-.0020039717
1,0,1,11.282928
1,1,0,10.843665
1,1,0,9.4748249
1,0,0,1.4827479
1,1,0,9.0984592
1,1,0,7.2859983
0,0,0,.39071235
0,0,1,-1.9433753
0,0,1,.84288311
1,0,0,.57760948
0,0,0,-.33089536
1,1,0,8.8253918
0,0,0,2.2451828
1,1,0,7.7482009
0,0,0,.22073479
0,0,1,-.30958024
0,0,1,.58156914
0,0,0,.34483874
0,0,1,.24156405
1,1,0,10.386848
0,0,1,.63803291
0,0,1,-.3614769
0,0,1,-3.3910813
0,0,0,-.54584968
0,0,1,-.81022018
0,0,0,-.20563139
0,0,0,.58216769
0,0,0,1.756184
1,1,0,7.179667
1,1,0,7.9399166
0,0,1,-.93231714
1,1,0,7.7852812
1,0,1,9.265543
0,0,1,-1.0347835
1,0,0,1.215677
1,1,0,12.418921
0,0,1,.36275527
0,0,1,-.68065876
1,1,0,10.259001
1,0,1,9.3852177
1,1,1,10.54947
0,0,1,-1.6835427
0,0,0,.833924
1,0,1,9.4182644
0,0,0,-1.7476286
1,0,1,9.2146673
0,0,1,1.078719
1,1,0,9.789835
0,0,0,.32793799
1,1,1,10.880272
0,0,0,-1.0834211
0,0,1,2.014776
0,0,1,-1.6474952
1,0,1,8.0209141
1,0,1,9.8588333
1,1,0,9.7163363
1,0,0,3.2447391
1,1,1,11.364868
0,0,1,-1.4950891
0,0,0,-.8963396
0,0,0,-.27117169
0,0,0,.85780239
0,0,0,.90560687
0,0,1,-.9371497
0,0,0,-.1899192
0,0,1,-1.2982445
1,0,1,8.1475267
0,0,1,-.64902174
1,1,1,9.8221216
0,0,0,.22516692
1,0,0,.57541543
0,0,0,.77853942
0,0,1,2.2312293
0,0,1,-.52068835
0,0,1,.28039557
0,0,0,1.0496597
1,1,0,9.7161198
1,1,0,8.8185749
1,0,1,9.7065525
0,0,1,.12869753
0,0,1,1.2108274
0,0,1,.39285004
0,0,0,-2.1973157
1,1,0,8.8284626
1,0,1,8.9369726
1,1,1,12.057632
0,0,1,.17071438
0,0,1,-.98617333
0,0,0,1.3723999
0,0,1,-1.6523801
0,0,1,-.24972855
0,0,0,.36735424
0,0,1,-.12370074
1,1,0,9.4809628
1,0,1,10.391452
1,1,0,9.7395821
0,0,0,.23755506
1,1,1,10.223381
1,1,1,11.003855
1,1,0,8.9730015
1,1,1,10.052608
1,1,0,8.3176498
1,0,1,8.1304483
1,0,1,8.8498697
1,0,1,9.8014355
1,0,1,9.3069057
1,1,1,11.37353
1,1,0,7.2098131
0,0,1,-.31444314
1,1,0,8.933836
0,0,0,-.17532769
0,0,0,.52973753
1,0,1,9.6999378
0,0,1,-.089673065
1,1,0,7.7763782
1,1,1,12.076741
1,1,0,9.2038422
0,0,0,.56901973
0,0,0,-.11056392
1,1,1,9.4878025
1,1,0,7.3531799
1,1,0,7.7244101
1,0,1,9.4985466
0,0,1,1.6306841
1,1,1,11.486799
1,1,0,8.5519533
0,0,0,.19385464
0,0,0,.53293997
1,1,0,7.7673316
1,1,1,10.826959
0,0,0,-.27084172
0,0,0,-.23193394
0,0,0,-1.1962419
1,1,0,9.0104113
0,0,0,.53281599
1,1,0,8.7075272
0,0,1,-.65088528
1,0,0,2.2128108
0,0,1,.028814858
1,1,0,8.420146
1,0,1,9.1086531
0,0,0,1.1053258
1,1,0,6.6753211
1,0,1,7.4318953
1,1,0,9.9172478
1,0,1,10.949676
1,0,0,1.4760777
1,1,0,8.1106911
0,0,0,-.28637469
0,0,1,.049390592
1,1,0,8.1630688
1,0,1,9.7540855
0,0,1,.54526103
0,0,0,.17652272
0,0,0,-.74054134
0,0,0,-1.7768393
1,0,1,9.7132225
0,0,0,-.64510357
0,0,0,-.48781028
1,0,1,9.8821468
1,0,0,3.3142815
1,1,1,11.043482
0,0,0,-.67501843
0,0,0,-.60530025
0,0,0,-.77849591
0,0,0,-.25589919
1,1,1,10.719299
0,0,1,1.129838
0,0,1,.40209731
1,1,0,7.7318435
0,0,1,-.016338792
1,1,0,8.1519651
1,1,1,11.227375
0,0,1,-1.065617
0,0,0,-.081270657
1,1,0,8.8321266
1,1,0,7.6566305
0,0,0,.29041716
1,1,0,6.66324
0,0,0,-.79618937
0,0,1,-.0094544794
1,1,0,7.1057258
0,0,1,.11983606
0,0,1,-.90130198
0,0,0,.67327791
1,1,1,10.843557
0,0,0,-.088475533
0,0,1,-.86757421
0,0,1,.04144761
0,0,0,-1.1124823
0,0,1,1.6427969
0,0,1,.53715873
1,1,0,9.417408
1,0,1,9.1134872
0,0,0,1.454347
1,1,0,9.4715157
1,1,1,9.2008438
0,0,0,-.37098491
0,0,0,2.6872494
1,1,0,8.376792
0,0,1,2.2339563
0,0,1,.22878982
1,1,0,8.3295708
0,0,0,1.4788729
1,1,0,8.4840717
1,0,1,9.299057
0,0,1,.51831335
1,0,1,9.1996546
1,0,1,8.6919127
1,1,1,14.32859
0,0,1,-.78579938
0,0,1,.1977275
0,0,0,-1.8166015
0,0,0,.25046444
0,0,0,-2.2438943
1,0,1,9.2509575
0,0,0,-.38352394
0,0,0,.23664013
1,1,0,8.7349005
1,0,0,-.39647651
1,1,1,10.118405
0,0,0,.608702
0,0,0,.15998128
1,1,0,6.5502
0,0,0,-2.3997126
0,0,1,-.9293136
1,1,0,9.6385193
0,0,0,-1.2428887
0,0,0,1.9451067
0,0,0,-.93596548
1,0,1,11.12834
0,0,1,.42358544
1,1,0,9.3053989
1,1,0,10.178139
1,1,1,11.274323
1,0,1,10.386315
1,0,1,9.1970139
1,0,1,7.5652514
1,0,1,11.824758
0,0,0,1.7553908
0,0,1,-.6081205
1,0,1,9.9390049
0,0,1,-.091728456
0,0,1,-1.0121945
1,1,0,7.7677875
1,1,0,8.5346441
1,1,0,8.3421793
1,0,1,9.1755962
1,0,0,.5322367
1,1,1,12.554576
1,0,1,9.235383
1,0,1,9.630146
0,0,1,1.2074566
0,0,0,-.97672731
0,0,1,-.82940811
1,1,0,8.7718983
0,0,1,1.1679966
0,0,1,1.0778794
1,1,0,7.8823724
0,0,1,-.85695267
0,0,0,.2834225
1,0,1,10.32536
0,0,1,.0047328235
1,0,1,8.52952
0,0,1,-.64262193
0,0,1,1.0140703
1,1,0,7.9971366
1,0,1,10.233443
1,1,0,8.8531237
0,0,0,-.44387111
0,0,1,-1.1702853
1,0,1,10.132622
0,0,0,.40969998
0,0,1,-2.0066934
1,0,0,1.4119542
0,0,0,.84174228
0,0,1,-.075249039
1,0,1,9.942956
1,1,1,10.631863
0,0,0,.20840822
0,0,0,-1.0031458
1,0,1,10.872324
0,0,0,-.86290294
0,0,0,-.83293629
1,0,1,9.6177082
1,1,0,9.4420815
0,0,1,-.28906372
0,0,0,-1.0246516
0,0,0,-.81629556
0,0,0,.82319635
0,0,1,.25763276
1,1,0,9.4598866
1,0,1,10.075887
1,1,0,9.5350046
1,0,1,9.6623306
1,0,1,9.9095383
0,0,1,-1.3043555
1,0,1,10.114842
0,0,1,.27319792
0,0,0,-.24196267
1,1,0,7.9376087
0,0,0,-2.1810939
1,1,0,7.8776498
0,0,0,.071481034
1,1,0,8.3246088
1,1,0,9.888032
0,0,1,.89811653
1,0,1,8.3684893
1,1,0,8.2224121
0,0,1,-1.9142125
1,0,1,9.9574842
1,1,0,7.7960291
0,0,1,1.642105
1,1,0,8.9686079
0,0,0,-.27898556
0,0,1,-.19520935
1,1,0,8.313777
0,0,0,1.3359989
1,1,0,9.0669794
1,1,1,11.10852
0,0,0,.88410383
0,0,0,.21207684
1,0,0,1.1927741
0,0,1,-.089995205
1,0,0,2.7774515
1,0,1,10.280959
1,1,0,7.2625074
0,0,0,.63427687
0,0,1,-1.5479394
0,0,0,1.2801805
0,0,1,-.99007744
1,1,0,8.5639954
1,1,1,11.306601
1,0,1,10.933595
1,0,0,.85852987
1,0,1,9.9271498
1,1,0,7.5379257
0,0,0,.20980939
1,0,0,.064119577
1,1,0,9.6662216
0,0,1,.95788407
0,0,0,-.83979338
0,0,1,-.98980647
0,0,1,-.40836516
1,1,0,8.2604942
0,0,0,-1.3817772
0,0,1,-.11985841
1,0,0,.13822913
0,0,1,-1.2264872
0,0,1,1.3764431
0,0,1,-.56091386
0,0,1,1.58351
1,1,0,8.962286
1,1,0,9.807477
0,0,0,-1.2772416
1,0,1,10.863628
0,0,1,.087004296
1,1,1,12.748423
0,0,1,2.8079438
0,0,0,2.346689
0,0,0,.72397184
0,0,1,.10125506
0,0,0,.92250252
0,0,0,-.36313328
1,0,1,7.5526404
1,1,0,8.1923151
1,1,0,7.9736075
1,1,1,10.254259
0,0,1,-1.2027408
0,0,1,.36907968
0,0,1,1.5936799
0,0,1,.29707807
1,1,0,9.9676476
1,0,1,9.0942278
1,1,1,12.305307
1,1,0,7.8084507
1,0,1,9.0987043
0,0,1,.063433334
1,0,0,1.6589485
0,0,1,.189068
0,0,1,-.70765638
1,0,1,7.8675756
0,0,0,-.42719942
0,0,0,.32572389
1,0,1,7.8210649
1,1,0,9.419487
0,0,0,.022786159
0,0,1,.93923002
0,0,0,.68306786
1,0,1,9.8763332
0,0,1,-.37803894
1,0,1,8.4865084
1,1,0,8.9917688
0,0,1,-1.1366364
1,0,0,1.0160034
0,0,1,.12828065
0,0,0,-.28365871
0,0,1,1.1014349
0,0,1,.18116093
0,0,1,-.58684814
0,0,0,.12558106
1,0,1,8.9614134
0,0,1,-1.0784007
0,0,0,.61917293
1,1,0,9.7996826
1,1,0,8.2305126
0,0,1,.06586425
0,0,1,.44295961
0,0,0,-.26244426
0,0,1,.39360154
0,0,1,-.79630595
1,0,1,8.3061504
1,1,0,9.4827051
0,0,1,-1.8135991
1,0,1,8.716466
1,0,0,1.1290536
0,0,1,-.43972659
1,1,0,7.456646
0,0,0,-.79022706
0,0,1,.71431315
1,0,1,8.9031153
0,0,0,-.044124976
0,0,0,-.26043805
1,1,0,8.6685896
1,0,1,9.8457813
0,0,1,1.2024219
1,1,0,8.6624432
0,0,1,-.78915763
1,1,1,9.5906305
0,0,1,-.55049437
0,0,1,.30610457
0,0,0,.61032069
1,1,0,9.0895414
0,0,1,.90712547
1,1,1,10.989718
0,0,0,-1.4209762
0,0,0,.5165745
0,0,0,.25868943
1,0,1,9.1130018
1,1,1,12.386497
0,0,1,1.4782909
0,0,1,-.51208395
1,1,0,7.5936446
0,0,1,.24995795
0,0,1,1.1298028
1,1,0,7.5817919
0,0,0,-.062039711
1,0,0,1.0175534
1,1,0,8.6186409
1,1,1,10.148184
1,0,1,11.362079
0,0,0,.17428239
0,0,0,1.1832041
0,0,1,.58929628
1,1,0,8.5805836
0,0,1,-.01288011
1,1,1,11.579279
0,0,1,.65485257
0,0,1,.78260124
1,0,1,10.307564
1,1,1,11.213138
1,1,0,9.408824
1,1,1,11.513717
1,1,1,9.3465385
0,0,1,.17017862
0,0,0,1.3139172
0,0,0,-2.1377621
1,0,1,9.6271076
0,0,1,.06637881
1,1,0,9.2764034
1,1,1,10.521128
0,0,0,-.38791907
0,0,1,-1.3193194
0,0,0,.65389907
0,0,0,.5257526
1,0,1,8.9489431
0,0,1,1.1555185
1,0,1,9.3162813
1,0,1,8.7858715
0,0,0,-1.0414571
0,0,1,.29987472
0,0,1,.76237488
1,1,0,9.2987518
0,0,1,-.026600163
1,1,0,9.6819382
0,0,0,1.0808767
1,1,0,9.9471607
0,0,0,1.344916
1,0,1,11.658321
1,1,0,8.7831211
1,1,0,6.4492826
0,0,0,-.25381076
1,1,0,7.2960644
0,0,0,1.4538534
0,0,1,.30930597
1,1,0,9.020051
0,0,0,-.15826534
0,0,0,1.0437073
0,0,1,.76714844
0,0,0,-.6942634
0,0,0,.30353528
1,1,0,7.5322013
1,0,1,9.7815275
1,1,1,11.961024
1,0,1,9.3416853
0,0,1,.1501109
1,0,1,10.969623
0,0,1,1.9122685
1,0,0,1.0449415
1,0,1,8.9090996
0,0,1,-.028612481
0,0,0,-.31709427
0,0,1,-.66957307
0,0,0,1.247664
1,1,0,7.5198975
0,0,1,1.4763829
1,1,0,8.3736477
0,0,1,-.56339628
1,0,1,9.7837877
1,1,0,9.1548643
0,0,1,2.0582397
1,0,1,10.142425
1,1,1,11.75552
1,1,0,10.496742
0,0,1,1.3697259
0,0,1,-.34294781
1,1,0,8.8804054
1,0,0,.90388775
0,0,1,-.73488647
1,0,1,10.431535
1,0,1,10.466225
0,0,0,.32215431
0,0,1,1.4505029
1,1,1,10.941241
1,1,0,9.2711754
0,0,1,-.85448372
0,0,1,.49219811
0,0,0,-1.7584839
1,0,1,9.1853676
0,0,0,.91670173
0,0,0,-1.1152185
1,1,1,11.646046
1,0,1,8.1477184
1,0,1,10.615469
1,1,0,8.5046902
0,0,1,.076836973
1,1,0,9.299942
0,0,1,-.94564182
1,0,0,1.1103746
0,0,1,.71455431
1,1,0,8.9222069
1,1,0,9.1250191
0,0,1,.35539874
1,0,1,10.356055
1,1,0,8.426878
1,0,1,11.384377
0,0,0,-.36657318
1,1,1,9.6338654
0,0,1,1.1658305
1,0,1,10.345077
1,0,1,9.8545456
0,0,0,.45226008
1,0,1,11.077965
1,1,0,8.4599352
1,1,0,8.3924809
1,0,1,9.095686
1,1,1,11.669117
1,0,1,10.043008
1,1,0,8.0572767
0,0,0,.50693107
0,0,1,-.1564908
1,0,1,9.4795837
1,1,0,10.07959
1,1,0,9.4410906
1,1,0,8.4815121
1,0,0,.60750574
0,0,1,-1.8310194
0,0,1,-.22604764
0,0,0,-.69644004
0,0,0,-.19530235
1,1,1,10.409521
1,0,1,11.181094
1,0,1,7.4917412
1,0,0,2.3519647
1,0,1,10.155411
1,0,1,8.512723
1,0,1,9.677104
0,0,1,.4887608
0,0,1,-.78921634
0,0,1,.19434361
0,0,1,-.67411011
0,0,0,1.1208789
1,1,1,11.124659
1,0,1,9.8949738
0,0,0,1.4396179
0,0,0,.61276954
1,1,0,8.9095097
0,0,0,.19636625
1,1,0,8.332716
1,0,1,9.2969408
1,0,1,9.7898655
0,0,1,-.34411225
1,1,0,9.2966423
1,0,1,11.216749
1,0,1,8.6218338
1,0,1,9.9216871
1,1,0,7.5018859
0,0,0,-1.1340123
0,0,0,.65713418
1,1,0,6.5005093
1,0,1,8.3879232
1,1,1,11.622819
0,0,0,-1.5667474
1,0,1,10.767064
0,0,0,1.9635175
1,0,0,2.916889
1,0,1,9.027935
0,0,0,-.018349295
0,0,1,1.3145385
1,0,1,9.9935856
0,0,0,-.45041412
1,1,1,10.920086
1,0,1,10.643562
1,0,0,.67695618
0,0,0,1.0823078
0,0,0,.36655644
1,0,1,9.7715588
1,0,0,-.53344893
0,0,0,1.9228292
0,0,1,.0043068891
0,0,1,-.90111423
1,0,1,6.7412195
1,1,0,6.4995155
1,1,1,10.590652
1,0,1,9.3561573
0,0,1,-.43864655
0,0,1,-1.9205593
0,0,0,.48296565
1,1,0,8.1599579
1,1,1,11.374617
0,0,1,.040462237
1,1,0,7.809835
1,1,0,8.1119118
0,0,1,-1.9962213
1,0,1,9.1745491
0,0,1,.030376203
0,0,1,-1.124535
1,0,1,10.281437
1,0,0,1.7446406
0,0,1,.68610698
0,0,0,-.48832417
0,0,0,.87772542
0,0,1,-.10427255
1,0,1,9.7847614
0,0,0,-.67350036
0,0,1,-.44351697
0,0,0,-.94693577
1,1,0,7.3947153
0,0,0,.37579212
1,0,0,.40537441
1,1,0,6.933043
1,0,0,3.3552742
1,1,0,9.42801
0,0,1,-1.8580433
1,0,1,9.9323616
0,0,0,.93520725
1,1,0,8.5236082
0,0,1,-.75497669
0,0,1,.80717301
1,1,0,8.0775757
0,0,0,-.67153567
0,0,0,-2.2988031
1,0,0,1.045455
1,0,0,1.5279447
1,1,0,8.6094894
1,1,0,9.9088926
1,0,1,10.06745
1,1,0,7.7116699
0,0,1,1.284518
1,1,0,7.0431099
0,0,0,-.077751391
1,0,0,3.0807388
0,0,0,.64708853
1,1,0,7.7745619
0,0,1,-1.5841641
0,0,0,1.4030192
0,0,1,.013452125
1,1,0,8.8161926
1,1,1,12.516641
1,1,0,6.7019734
0,0,1,-.5716216
0,0,1,.039991517
1,1,0,7.7738857
1,1,0,8.7428503
0,0,0,-.086381383
0,0,0,.69169474
0,0,0,1.1764368
1,1,0,8.1227484
0,0,1,.38598418
0,0,0,.7305178
0,0,0,.036092844
0,0,0,1.0392085
1,1,0,8.0343809
1,1,0,7.9107656
1,0,1,9.6454086
1,0,1,10.584206
1,1,0,8.9342995
0,0,1,1.4356275
1,1,0,8.0300493
1,1,0,8.2178564
0,0,1,.66466749
0,0,0,-.38256228
1,0,1,10.694139
0,0,0,-1.3005972
1,1,0,7.7603493
1,1,0,9.1533995
1,0,1,9.360404
1,0,1,9.2675171
0,0,0,.023213074
0,0,1,-1.1494942
0,0,0,.6916582
0,0,1,.26464644
1,1,1,10.565099
1,1,0,8.505847
1,0,1,9.0251913
0,0,0,.26793328
1,1,0,10.20697
1,0,1,6.8805938
0,0,1,1.4370993
1,0,1,10.586946
1,1,0,8.3051071
0,0,0,-.16176532
1,1,0,8.5280809
1,1,0,8.1957207
1,1,0,8.3615513
1,1,1,10.310319
0,0,0,.9103508
0,0,0,1.6510137
1,1,0,10.378884
1,0,1,10.042538
0,0,0,-1.0583349
1,1,0,9.5187044
1,1,0,8.0403404
0,0,0,-.51348686
1,0,1,10.597188
1,1,0,8.4502029
0,0,1,-1.5993096
1,0,1,8.7749977
0,0,1,-.65638185
1,1,1,11.603781
1,1,1,10.623723
0,0,1,-.18741931
0,0,1,-.84073442
1,1,0,7.5518742
0,0,1,1.2142488
1,0,0,1.4716456
0,0,1,.60191298
0,0,1,.064696416
0,0,0,1.5222876
0,0,1,1.1106747
1,1,1,11.704323
0,0,0,-.89513868
0,0,0,-.69438386
0,0,0,1.7555119
1,1,0,7.6559677
1,1,0,9.6276684
1,0,0,.80240345
0,0,1,.43056592
1,1,1,10.465697
1,1,0,7.5614376
1,0,1,8.9759741
0,0,1,-.1032493
1,0,1,8.975071
1,1,1,10.504601
0,0,1,.81156516
1,1,0,8.9814339
1,1,0,7.4775391
0,0,1,1.0310915
1,1,0,6.5554032
0,0,0,.74710685
0,0,1,1.50105
1,0,1,9.4551964
0,0,1,.71772808
0,0,1,.39797193
0,0,0,.65797859
0,0,1,-.7519626
1,1,0,8.6681652
0,0,1,-.66679496
0,0,0,-.86343491
0,0,0,-.13335364
1,1,0,8.1006117
1,0,1,11.662189
0,0,1,-.23034956
1,1,0,8.029562
1,1,0,7.8138661
0,0,1,.065281332
1,0,0,.36774373
0,0,0,-.46335864
1,1,0,10.490714
1,0,1,8.6459885
0,0,1,.48260456
0,0,1,.13696605
0,0,1,.45086136
1,1,0,9.0070076
1,0,1,10.360384
0,0,1,.99113482
0,0,0,1.3848034
1,0,0,.39169502
1,1,0,8.8504562
1,0,0,1.2614052
1,0,1,9.9005384
0,0,0,-1.3059093
1,0,1,10.246839
0,0,0,.10414286
0,0,0,.52368575
0,0,0,.0083295638
1,1,1,11.701586
0,0,0,-.069245346
1,0,1,9.6631432
1,1,0,10.051506
0,0,1,-.58429569
1,1,0,7.7179875
1,1,0,7.633369
1,0,1,9.6750126
0,0,1,-1.6420269
0,0,1,-.12468442
1,0,1,10.984592
0,0,0,1.4435272
0,0,0,.26149958
0,0,0,-.45691568
1,1,0,6.7059374
0,0,0,1.4343555
1,1,0,5.1244936
0,0,1,-1.0652772
0,0,0,.43632704
0,0,0,.21246792
0,0,1,-.48274714
0,0,1,-1.6337901
1,0,1,8.1594486
0,0,1,-.014471245
0,0,1,-.98128092
0,0,1,1.0751191
0,0,0,-1.028119
0,0,0,1.1193545
0,0,0,-.31335199
1,1,1,13.223484
0,0,0,-.2939344
0,0,1,-.4713544
1,1,0,8.9941254
0,0,0,.46084511
0,0,1,-.85989416
0,0,0,.97986394
1,1,0,8.4518242
1,1,0,9.3346539
0,0,0,-.98728842
1,1,0,7.856894
0,0,0,.032088842
0,0,1,-2.3191388
1,1,0,7.9497728
0,0,1,.19680907
1,1,0,6.5601673
1,0,0,.31760192
0,0,1,-1.2901613
0,0,1,-1.8691863
1,0,1,9.4605474
0,0,1,1.5277957
1,1,0,8.1666365
0,0,1,-1.9745848
0,0,0,2.7620952
0,0,1,1.2177314
1,1,0,7.2923584
0,0,1,-1.64643
0,0,0,1.1108462
1,0,1,8.3560343
1,0,0,.44581342
0,0,0,1.7391412
0,0,1,-.50957942
1,0,1,9.4922791
0,0,0,.6312561
0,0,0,2.6965895
0,0,1,-.24490954
1,0,1,9.8897114
0,0,0,.39438462
0,0,0,-1.2292682
0,0,1,-.36239693
1,1,1,11.001759
0,0,0,-2.0829258
1,0,1,8.5292816
0,0,1,.70976686
1,0,1,8.4990273
0,0,1,.79507923
1,1,0,7.2054558
0,0,1,.035260107
0,0,0,1.6533579
0,0,1,.095795274
0,0,0,.73952687
1,0,1,9.2396145
0,0,0,.84370667
1,0,1,9.820199
1,0,1,9.5607195
1,1,0,8.4600315
0,0,0,-.80251282
1,1,0,10.16222
0,0,1,1.9597151
0,0,1,.20889588
1,1,0,8.5131588
1,1,0,8.9301701
0,0,1,-.29900157
1,1,0,7.9575248
0,0,0,-1.3743044
1,1,1,11.259174
1,1,1,11.218925
1,0,1,9.79568
0,0,1,-.15934306
1,1,0,7.0606184
0,0,1,.40214625
0,0,0,-2.606185
1,0,0,2.5405645
1,0,0,-.54497123
1,1,0,9.3240366
0,0,0,-.66406107
1,1,0,8.8876514
0,0,0,-.20346637
1,0,1,9.6876297
1,1,0,8.6607161
1,1,0,9.9318104
0,0,1,.41342637
1,1,1,11.20088
0,0,0,-.061994702
1,1,0,9.0217686
1,0,0,2.3078601
1,1,1,12.078945
1,1,0,10.114489
0,0,1,-.45591015
0,0,0,-.75900954
0,0,1,.035476975
0,0,1,-1.656743
1,1,0,8.8093262
0,0,1,.88476235
1,0,1,10.377206
0,0,1,-.0066887792
0,0,0,1.101428
1,1,0,9.3008575
0,0,0,-.30194479
1,1,0,8.571641
1,0,1,10.131521
0,0,0,-2.4326906
1,0,0,1.8062071
0,0,1,-1.9113925
0,0,1,.61304981
1,0,1,9.6040039
1,0,1,10.35237
0,0,1,.30249819
1,0,1,8.718502
0,0,0,-1.626469
0,0,0,.67489874
1,0,1,8.9637699
1,0,1,9.6451359
1,0,1,9.9500227
1,1,0,7.9681945
0,0,0,-1.7522972
0,0,0,-.90678072
1,0,1,7.6246095
0,0,1,-.44982374
1,1,0,8.0017128
1,1,0,7.4486341
1,0,1,9.0031767
1,1,1,10.192244
1,0,1,9.4692974
0,0,1,.97506934
0,0,1,-.0074938666
0,0,0,1.3404282
0,0,0,-.65626764
0,0,0,.54590732
0,0,1,-.83247828
1,0,0,-.94973421
1,0,1,9.3258877
0,0,1,.69751585
1,0,1,9.8173838
0,0,0,.062468588
1,0,0,2.0628128
1,0,0,1.9752547
0,0,1,.27845913
0,0,0,1.7254272
1,1,0,8.3866978
1,1,0,8.3721867
0,0,1,.017645162
1,1,0,7.7188921
1,0,0,1.0533385
1,0,1,8.1258459
0,0,1,-1.8110141
0,0,0,.272903
1,1,0,10.005024
0,0,1,-.4988291
0,0,1,-.70478332
1,0,1,8.4620667
1,0,1,9.5835915
1,1,0,9.7633991
0,0,0,.37631035
1,0,1,8.8040295
1,0,1,9.2123594
0,0,0,.62148762
0,0,0,-.079529636
1,0,0,-.63653326
1,0,1,8.4683409
0,0,1,-.97771323
0,0,1,.18992771
0,0,0,1.4265767
1,1,1,12.165077
0,0,1,.28148359
1,0,1,8.2584887
0,0,1,.87540001
0,0,1,-.024619225
0,0,1,-.70344424
0,0,0,-.014237954
0,0,0,-2.6385469
0,0,1,.17739266
0,0,0,-.67868996
0,0,0,-.70162606
0,0,1,-1.0265635
1,1,0,9.5793171
0,0,0,1.6577587
0,0,0,-1.6402521
0,0,0,-.57451159
1,0,1,12.280621
0,0,1,1.9411715
0,0,1,-.83600795
0,0,1,-2.3136308
1,0,1,9.6240721
1,0,1,8.9860477
1,1,1,11.984607
1,0,1,10.018511
0,0,0,-.77107733
0,0,0,-2.2744551
0,0,0,-.58868426
1,0,1,9.262742
0,0,0,-.64184946
1,1,1,10.697536
0,0,1,.093783319
0,0,0,.66459394
1,0,0,-.44306421
1,0,0,2.4630885
1,1,1,11.473675
0,0,0,4.6037507
0,0,0,-1.2006168
1,1,0,8.0916977
0,0,0,-.77195507
0,0,0,-1.3263608
1,1,0,9.0492268
0,0,0,-.22093901
0,0,0,-.17488311
0,0,0,-.321832
0,0,0,1.484993
1,1,1,10.00433
1,0,1,10.636822
0,0,1,-1.1298879
1,0,1,8.0113258
1,1,0,5.8543997
1,1,0,8.2350874
0,0,0,.071253978
0,0,1,1.0196306
1,1,1,11.118265
0,0,1,-.61054778
1,0,1,9.0161572
0,0,0,.50684935
0,0,0,.65376037
0,0,1,-1.2354735
0,0,1,.56684291
0,0,0,.96132624
0,0,0,1.702929
0,0,1,1.4231617
1,0,1,9.0614767
0,0,1,-1.0950098
0,0,0,1.1717765
0,0,1,-.88885683
0,0,0,1.9613038
0,0,1,.41096216
1,1,0,7.1474686
1,0,1,7.764452
1,0,1,10.417296
0,0,1,-.70131683
1,0,1,10.112552
1,1,0,8.0238094
1,0,0,2.1438041
0,0,0,.90937924
1,0,1,9.3113413
0,0,0,-1.1352369
1,1,0,7.7728601
0,0,1,.20579709
0,0,0,-2.6551008
1,1,1,9.4347763
0,0,0,.11027084
1,1,0,8.5792532
1,0,1,9.3455706
1,0,0,2.7908435
0,0,0,-.61936504
1,1,1,12.43221
0,0,1,-.742796
0,0,0,1.3396143
1,1,0,9.8160114
1,1,0,8.5440702
1,0,1,9.9672098
1,1,0,8.3495464
0,0,1,-1.1488354
1,0,0,.81291234
0,0,0,1.7439928
1,0,1,9.919878
1,1,0,7.5181775
0,0,0,.79471141
0,0,0,-.87641466
0,0,1,-.8523711
0,0,1,-.33805588
0,0,0,-1.6552579
0,0,1,-1.5091181
0,0,0,-.68646854
1,1,1,10.679318
0,0,1,-1.1539903
1,0,0,2.5921082
1,1,0,11.323108
0,0,0,1.2591733
0,0,1,1.082909
1,1,1,9.7680674
0,0,1,.61258006
1,0,1,7.5198517
1,1,0,8.2785711
1,1,1,12.802165
1,0,1,10.077945
0,0,0,-1.5425838
0,0,1,-1.3197572
0,0,0,.39494419
1,1,0,8.4611826
1,1,0,9.9264584
1,0,1,9.4280033
0,0,0,1.3967308
0,0,1,-1.2867686
0,0,1,-.21361606
0,0,1,.50719559
0,0,0,.32976118
0,0,1,-1.0360894
0,0,0,.97622943
1,0,1,8.6842642
0,0,0,-1.2687966
0,0,1,-1.2012738
1,0,1,10.610066
1,0,1,8.453228
1,1,1,10.656356
1,1,0,8.9750071
0,0,0,-.5359301
1,1,1,11.536112
0,0,0,-.99341649
0,0,0,-.48403829
1,1,0,8.9925213
0,0,1,.28831747
0,0,0,1.1599803
0,0,1,.38443297
1,0,1,8.0505075
1,1,0,9.0648708
0,0,0,-.96858835
1,0,1,8.7477283
0,0,1,.97949582
1,1,0,9.9745979
0,0,1,1.1021078
1,0,1,9.3762522
1,1,1,11.736406
0,0,0,-.038401078
1,1,0,9.9976101
1,0,1,9.5766172
0,0,0,.66992676
1,0,0,2.0609267
0,0,1,.89271379
1,1,0,9.8274469
1,0,0,1.0812515
1,0,1,9.0431242
1,1,0,9.278286
0,0,1,2.107585
0,0,0,.99635798
0,0,1,.80940294
1,1,0,8.036808
0,0,0,.15943691
1,1,0,8.0487394
1,1,0,7.804637
0,0,1,1.065823
1,1,0,8.0703936
0,0,0,-.29690382
1,0,1,9.2250233
1,1,0,8.5346193
1,1,0,8.6459923
1,1,1,11.203824
0,0,0,-.45283684
0,0,1,1.3402061
1,1,1,11.784354
1,1,1,12.454029
1,1,0,9.697773
1,1,0,8.9092464
0,0,0,-.02721029
1,1,0,8.1302547
0,0,1,1.0186694
1,1,1,10.730205
1,1,1,9.7305241
0,0,0,.2084647
1,1,0,8.2155142
0,0,0,.47604093
0,0,0,.55909681
0,0,0,-.55355942
1,0,1,8.9475727
1,1,0,7.6980495
0,0,0,-.31799704
1,0,0,1.8596892
0,0,0,1.6284733
0,0,0,.10817654
0,0,1,.73141044
0,0,0,-1.3600377
1,1,1,10.84003
0,0,0,-1.8616099
0,0,1,-.048740931
1,0,1,10.542474
0,0,1,.46485797
0,0,1,-.55684555
1,0,1,10.796458
0,0,0,-.69654661
0,0,1,.26599714
1,1,1,11.525115
0,0,1,.028214371
1,0,1,10.60091
0,0,0,.29161003
0,0,1,-.41869959
1,1,0,7.9968934
1,1,0,7.3945832
0,0,1,1.9610735
0,0,0,.68113923
1,0,0,2.4512451
0,0,0,.64875984
1,1,1,12.244115
1,1,0,9.602293
0,0,1,.35733819
0,0,1,-1.4253027
0,0,0,-1.4655252
0,0,0,-1.1762683
0,0,0,-.68604618
1,1,0,9.2454834
0,0,0,-.72608441
0,0,1,.79185706
1,1,0,8.1314068
1,1,0,6.9871092
0,0,0,.25213069
0,0,1,-1.4701357
1,0,1,9.3223143
0,0,0,-.19828106
0,0,1,-.23414308
0,0,0,.063379094
1,0,1,10.053488
1,0,0,.2723701
0,0,0,.56213701
1,1,0,8.3516169
0,0,0,.09032429
0,0,0,.21710166
0,0,0,.53887421
1,0,1,10.787108
0,0,1,1.5703959
0,0,1,-.16009985
0,0,1,1.7146105
1,1,1,10.906131
0,0,0,.49895701
1,0,1,9.4669714
0,0,0,.31046411
1,1,0,10.078116
0,0,0,.1881603
0,0,0,-.28759584
0,0,0,-.18462853
1,0,1,9.828577
1,0,1,8.8140936
1,1,1,12.539596
0,0,1,-.91444117
0,0,1,.41821298
0,0,1,-1.9464103
0,0,0,-1.2568557
0,0,1,.073469713
0,0,0,-.38906977
1,0,1,9.1290121
0,0,0,-.92760926
0,0,0,.086558327
0,0,1,-.18728022
0,0,1,-.5358392
0,0,0,-.81676501
0,0,0,.02505292
0,0,0,.68256277
0,0,1,-.079916447
1,1,1,10.153165
0,0,0,.11732777
0,0,0,1.5691919
1,0,1,11.529672
1,0,0,.1138947
0,0,0,-.67439073
1,0,1,9.9834137
0,0,0,.84443802
0,0,1,.70683563
0,0,1,-.51337606
0,0,1,-.39890519
1,0,1,9.3280592
1,1,1,11.051723
1,1,0,7.8063803
1,0,0,2.9327865
0,0,0,.4350926
1,0,1,9.9026728
1,1,0,8.7818995
0,0,1,-.3879506
0,0,1,-.41266045
1,0,0,3.0133092
1,1,0,7.6094527
0,0,0,-1.4278755
1,1,1,9.59515
1,1,0,8.4561329
1,1,0,9.1590452
0,0,0,.73193991
1,1,0,9.648778
1,0,0,3.025789
0,0,1,.37784365
0,0,0,-.007983787
1,1,0,7.0329967
1,0,1,9.2380295
1,1,0,7.6596174
0,0,0,.097595423
1,1,0,8.8261709
0,0,1,.62189084
1,0,1,7.3182087
0,0,1,.11565626
1,0,1,9.6344671
0,0,0,.073989086
0,0,0,-.10582055
1,1,0,9.4663401
1,1,0,8.6065321
1,0,1,9.9584608
0,0,0,-1.0847625
1,1,0,9.2982216
0,0,1,1.2248831
0,0,0,1.8234105
1,1,0,7.8927002
0,0,0,-.0079342471
0,0,0,-.33468813
1,1,1,9.2194357
0,0,0,-.35785946
1,0,0,1.1733593
1,1,0,8.7709665
1,0,1,10.015351
0,0,0,-1.1578383
1,1,0,9.9065819
1,1,1,9.8375092
1,1,0,8.2012253
0,0,1,-.27227846
0,0,0,-2.03335
1,0,1,8.1012182
0,0,1,.53219241
1,0,1,10.710087
0,0,0,-.11429476
1,0,1,11.037107
0,0,0,.24534635
1,1,0,7.536222
0,0,0,-.56678957
1,1,1,11.03948
1,0,0,1.3445054
0,0,0,.57854438
1,0,1,9.3372097
1,1,1,9.3804941
1,1,1,10.264033
0,0,0,.097520396
1,0,0,.052080512
1,1,0,8.492878
0,0,1,.15256456
0,0,1,.98461854
1,1,0,7.8474975
0,0,1,.097722299
0,0,1,-.28595075
1,0,1,8.3432722
0,0,0,1.3681599
1,0,1,9.1272411
0,0,1,.26954684
1,1,0,8.8483934
1,0,0,1.2859902
0,0,1,-.84580046
1,0,1,10.68091
0,0,1,1.481297
1,1,0,9.6936226
0,0,0,.64086914
0,0,0,-.22367029
1,1,0,7.4859099
0,0,1,-.15345933
0,0,0,-1.3297141
0,0,1,-.13013563
0,0,1,-.69422752
1,0,1,9.6952543
0,0,0,-.41981497
0,0,0,.39864823
1,0,1,10.411153
1,1,0,9.5063248
1,1,1,11.793105
0,0,0,-1.4598285
1,0,1,9.0557432
0,0,1,-1.148586
1,1,0,7.183495
0,0,1,.48170653
0,0,0,-1.8149174
1,0,1,9.1610527
1,1,0,10.079518
1,0,1,10.052976
0,0,1,.62027729
0,0,1,-1.6877491
1,1,0,7.3713775
1,1,0,8.8293095
0,0,1,-1.4828135
0,0,1,-.074821703
1,0,1,9.3762836
1,0,1,9.5239029
1,0,0,.047147989
0,0,1,-1.476386
1,0,0,1.8890412
0,0,1,.22643246
0,0,0,-.082786024
0,0,0,-1.5162312
0,0,0,.2705431
0,0,0,-.62661123
0,0,0,-.88989091
0,0,0,1.9087391
1,0,1,9.5453539
1,0,0,1.0389141
1,1,0,6.5911322
0,0,1,-.25979313
1,1,0,7.4413514
1,0,0,.57072365
0,0,1,1.1272384
0,0,1,-2.2482657
1,0,1,8.7046785
0,0,1,.96050376
0,0,1,.19239007
0,0,1,.2825096
0,0,1,.25504637
1,1,0,7.8358583
0,0,0,1.0827937
0,0,1,-2.3030472
0,0,1,.72280782
1,0,1,8.4789495
0,0,1,-.17816141
1,1,0,7.4592724
1,0,1,9.824892
0,0,0,-.075129822
1,0,1,10.405519
1,1,0,8.2198496
0,0,0,.11819364
0,0,0,1.4271132
1,0,1,9.0833778
0,0,0,-.84140414
1,0,1,10.204206
0,0,0,.15926193
0,0,1,.36900613
1,0,1,8.2137785
0,0,0,-.96537679
0,0,1,.52650386
0,0,1,-.20451382
1,1,0,9.245512
0,0,1,1.0394565
1,0,1,10.502024
1,1,0,9.6154022
0,0,0,-.98502904
1,0,1,11.13648
0,0,0,1.6227235
0,0,1,-.61644018
0,0,1,1.418727
0,0,0,.5923776
0,0,0,-.59564292
0,0,1,-1.4952118
0,0,1,.1641783
0,0,1,-1.385062
0,0,1,1.0937326
1,1,0,9.7662868
0,0,0,1.1073154
0,0,1,-2.0165572
0,0,1,-.21034311
1,1,0,7.619328
0,0,1,.013920847
0,0,0,-.49005035
0,0,1,-.95922458
0,0,1,.11892404
0,0,1,-1.6259501
0,0,0,-1.5946258
0,0,1,-.44964233
1,0,1,10.750866
0,0,1,1.374447
1,0,0,2.7434814
1,1,1,11.816704
1,0,1,8.6518793
0,0,1,.67376739
1,1,0,6.2352934
1,0,1,9.5893507
0,0,0,-1.0459464
0,0,0,-2.2739074
0,0,1,.01637724
0,0,0,.56065708
0,0,1,1.8539815
1,0,1,9.4622145
1,1,1,9.731782
0,0,1,-1.0219984
1,0,1,7.7628078
0,0,1,1.3200902
1,0,1,8.6612606
1,1,1,12.338362
0,0,1,1.2836177
1,0,1,10.534173
1,1,0,8.8660526
0,0,1,-.85010326
1,0,1,6.8222847
0,0,0,-1.6109931
0,0,0,.23592612
0,0,1,-1.015749
0,0,1,.33012092
0,0,0,-.49616513
0,0,1,1.3500226
0,0,0,-.094804391
0,0,0,-1.0719705
0,0,1,-.72949904
0,0,0,-.13473022
0,0,0,.32395267
0,0,1,-.64149177
0,0,0,-.28861061
1,0,0,1.5223579
0,0,0,-.047010303
1,1,0,8.326685
0,0,1,-.12097614
0,0,1,-.35277149
0,0,1,.28828472
1,1,0,6.7418108
0,0,0,1.0307341
0,0,1,2.3583865
1,0,1,8.773262
1,0,0,1.1916996
0,0,0,-.11620223
1,1,0,8.2677755
0,0,1,-.39643246
1,0,1,9.2522507
1,1,0,7.7639947
1,1,1,9.9472017
1,1,0,10.720043
0,0,1,-1.0310107
0,0,1,.73281169
1,1,1,9.5230179
0,0,1,-.6795857
1,1,0,8.4027691
1,0,1,8.8094435
1,1,0,8.6789608
0,0,0,-1.2319522
1,1,0,8.7741327
0,0,1,-1.7422035
1,1,0,8.0403366
1,0,1,8.9491329
0,0,1,1.0468327
0,0,1,.021940932
0,0,0,.63193536
1,1,0,8.0806513
0,0,1,-1.3227134
1,1,0,6.3147802
0,0,1,.43488711
0,0,0,.94786721
0,0,1,.23039515
0,0,0,-1.6982023
0,0,1,-1.2713519
0,0,1,.32055941
0,0,1,1.0757085
1,1,0,8.8379631
0,0,0,-.63775295
0,0,0,-.32112974
1,0,1,7.9576187
0,0,1,.52889043
1,0,1,9.0836763
0,0,1,-1.5949868
1,0,1,9.129488
1,1,0,8.7396746
0,0,0,.41618562
0,0,1,-.83878815
0,0,1,-.73759663
0,0,0,-.72745711
1,0,0,1.8582671
1,0,1,10.195874
0,0,0,.8413592
1,1,0,9.3289757
1,1,1,12.356506
1,1,0,8.200078
0,0,0,.21307077
0,0,1,.11626157
1,0,1,10.552607
1,0,1,7.789959
1,0,0,.36281359
1,1,0,7.9831595
0,0,0,.44434145
0,0,0,.089792177
0,0,0,1.9029239
1,0,1,9.7672958
1,0,1,10.197958
1,0,1,10.409033
1,0,1,8.9855289
0,0,1,-.31891459
1,0,1,10.038318
1,0,1,9.9603815
0,0,1,.95055753
0,0,1,-.96272403
1,1,0,8.2150774
1,1,0,8.1408453
1,1,1,10.821893
1,0,0,1.172918
1,0,1,10.12215
1,0,1,10.486306
1,1,0,9.6639366
1,1,0,9.6123791
0,0,1,-1.4670743
0,0,0,-1.5107564
0,0,1,1.3465033
0,0,1,.21548872
0,0,0,-.75534362
1,1,0,7.6544156
1,1,0,6.4580016
1,1,1,11.426166
0,0,0,.048095156
0,0,0,.52974063
1,1,1,10.21291
0,0,0,-.38305396
0,0,1,-.22888939
1,0,1,11.405579
1,0,0,1.7440971
1,0,1,9.0691404
1,0,1,8.9059954
0,0,1,.31823218
1,1,0,10.215889
1,1,0,8.2335272
0,0,1,-.11403783
1,0,1,7.6980371
0,0,1,-2.1723561
0,0,0,-1.2773997
0,0,0,.15558437
0,0,1,.17510733
0,0,0,-1.2350174
1,0,0,1.852705
1,1,0,7.7874537
1,0,0,.8729701
0,0,0,1.7693647
1,0,0,1.786747
0,0,1,-.85131383
0,0,1,-.99918967
1,0,1,9.435853
1,1,0,8.8922119
0,0,1,1.3211259
1,1,0,10.004644
1,1,0,11.542519
1,1,1,11.144738
1,0,1,11.215153
1,0,1,10.396525
1,1,0,7.9194012
0,0,1,1.191545
0,0,0,-1.4887261
1,0,1,10.183437
1,1,0,8.5033255
1,1,0,9.4337101
0,0,0,.31399164
0,0,1,-.29095882
0,0,1,1.7419207
0,0,0,-2.1773283
1,0,1,9.8089628
0,0,1,-1.4029551
1,1,0,8.0841513
0,0,1,-.12049022
0,0,1,-2.0031528
0,0,0,.84787667
0,0,1,1.602717
1,1,0,10.143847
0,0,0,.86430246
0,0,0,-.11218312
1,0,0,2.3152566
1,1,0,8.8269796
0,0,1,1.3941497
1,0,1,8.1216803
1,0,0,1.8344228
1,1,0,7.587738
0,0,0,.35174915
1,0,1,7.9730444
0,0,1,1.888061
1,1,0,9.7917137
0,0,1,.25636867
1,1,0,9.0885725
0,0,1,.70967019
0,0,1,-.36382321
0,0,0,-.31068265
0,0,1,-.51748496
0,0,1,.73905945
1,0,1,9.4337788
0,0,0,.75995988
1,0,1,10.491954
0,0,0,.9023279
1,0,1,9.6523495
1,1,1,10.925129
1,0,1,10.05796
1,0,0,.42902684
1,0,1,9.0315218
0,0,0,-.55818647
1,1,0,7.076437
0,0,1,-1.1163409
0,0,0,.73210591
0,0,1,.92266244
0,0,0,-.96002966
1,0,1,10.125966
0,0,1,-.90121675
1,1,0,9.6313152
0,0,1,-.65167826
0,0,1,.12758087
0,0,1,-.38115841
0,0,1,-1.0058887
0,0,1,.52244318
0,0,1,-.24117427
0,0,0,.60437262
0,0,0,-.41924095
0,0,1,-.54410505
1,0,1,8.5235176
0,0,1,1.2690475
1,1,0,6.5859509
0,0,1,-.53349292
1,1,0,9.2115517
1,1,0,8.3022327
0,0,1,-.43071991
0,0,1,1.2379802
0,0,1,-.28990597
1,1,0,9.5311279
1,0,1,9.4751968
1,1,1,10.305417
1,1,0,8.7583971
1,1,0,5.5063896
1,0,1,8.6313553
0,0,0,-.026396317
0,0,1,-.79043722
0,0,1,.3759445
1,1,0,9.7779303
0,0,1,.47229084
1,0,1,8.7406807
0,0,0,1.5500165
1,0,1,8.0165033
0,0,1,-2.0470171
0,0,1,-1.5856709
1,0,0,.32996464
0,0,0,1.517912
0,0,1,1.2929655
1,1,0,8.4127398
0,0,1,.31572649
0,0,1,.32827139
1,1,0,10.157434
1,1,0,8.437355
1,1,0,6.3164654
1,1,0,8.663372
1,1,1,9.8818312
1,0,1,10.930217
1,0,1,10.118561
0,0,0,.44805872
1,0,1,9.6096792
0,0,1,.05400214
1,1,0,9.2982187
1,0,1,9.6331606
0,0,1,-.067215063
1,1,0,8.5213757
1,0,1,9.8441439
1,1,1,10.366296
1,1,0,7.4451838
0,0,1,-.3490231
0,0,0,.2587145
1,1,0,7.9213386
0,0,1,.080387294
0,0,0,1.5619032
1,0,0,.42364252
0,0,0,.54401058
1,1,0,7.6526747
0,0,0,-.11188696
1,0,1,8.6834908
1,0,0,2.4390008
1,1,0,9.622118
1,0,1,7.6444712
1,0,0,3.6571431
1,0,1,8.6432981
0,0,0,.46397367
0,0,1,-.30444306
0,0,0,.6800133
0,0,1,-.20961556
0,0,1,.55382216
1,0,1,10.958569
0,0,0,.69507748
0,0,0,-.38471851
1,1,0,9.806325
1,0,1,8.7964745
0,0,0,.96554476
1,0,1,8.9632034
1,0,1,10.570821
0,0,0,.023027357
1,0,1,7.4779501
1,0,1,10.944642
1,1,0,8.6597834
0,0,1,.11422651
1,0,0,2.1325226
0,0,1,.1063366
0,0,1,.74371034
0,0,0,1.4603314
0,0,0,.95068318
0,0,1,-1.0825684
1,0,1,8.6397839
0,0,1,.019313689
1,0,1,11.296577
0,0,0,-.69598293
1,1,0,8.2439203
1,1,0,6.9165564
1,1,1,9.0972691
0,0,1,.26126087
0,0,0,-1.9770615
1,1,0,8.521677
0,0,1,1.2527046
0,0,1,-.67403197
0,0,1,.06299258
0,0,1,.038156524
0,0,1,-.41530877
0,0,0,-.80814838
0,0,0,-.10298104
1,1,1,10.612855
0,0,0,.87223166
1,1,0,8.6647415
1,0,1,10.267841
1,1,0,8.4738388
1,1,0,8.6945038
1,0,0,3.0689397
0,0,0,-1.4170099
1,1,0,8.4226665
1,1,0,7.9166169
1,0,1,9.4375048
0,0,1,.20625575
1,1,0,8.7787476
0,0,0,.21393993
1,0,0,1.6275072
0,0,1,-1.4755903
1,0,0,1.6829444
1,0,1,8.9257278
1,0,1,9.2686195
1,1,0,8.3875303
1,0,1,8.6161242
0,0,0,.075361796
1,1,1,11.252821
1,0,1,10.870096
1,1,0,8.4969101
0,0,1,-.30362844
0,0,0,.53037518
0,0,0,.39457697
1,0,1,10.42924
0,0,1,.90509135
0,0,1,1.0795492
0,0,1,-1.2365509
1,1,1,10.522462
0,0,0,-1.0591588
1,1,0,9.5888939
0,0,1,.36766475
0,0,0,.097811908
0,0,1,.48824757
0,0,1,.74623495
1,0,1,8.1363525
1,1,1,10.446033
0,0,1,-.56130129
1,1,1,10.822825
1,0,1,8.084507
0,0,0,-.54496455
1,0,0,2.5758801
1,1,0,8.883173
1,0,0,1.1172433
1,0,1,9.0850897
0,0,1,1.2730286
1,0,1,8.5607891
1,1,1,10.76096
1,1,0,7.9744921
0,0,1,-1.284556
1,1,1,11.403617
0,0,0,.11931691
0,0,1,.54155111
0,0,0,-.77972841
1,0,1,9.4830427
0,0,0,.061318949
1,0,1,10.784623
0,0,0,-.18689276
1,0,1,10.829977
0,0,1,.1371408
1,0,1,8.111599
0,0,1,-1.062079
1,0,0,2.7625334
0,0,1,.27889681
0,0,0,-.39980513
0,0,1,-1.9884359
1,1,1,11.884811
1,1,0,9.0344105
1,0,1,9.5016441
1,0,1,11.142994
1,1,0,8.9495821
1,1,0,10.725848
0,0,0,.059392601
0,0,0,.0070323776
0,0,1,.92896867
0,0,1,.11094261
0,0,0,-1.9617788
1,0,1,9.706418
1,0,0,1.7596166
1,1,0,8.1121845
0,0,0,-.34862193
0,0,0,2.0237117
1,0,1,9.8688564
0,0,1,-.10678766
1,1,0,7.7195249
0,0,0,-.9006567
1,0,0,.88383704
1,1,0,8.4143076
1,0,0,.79544902
1,0,1,8.5032949
1,1,1,11.12608
0,0,0,1.7214816
1,1,0,8.1225252
0,0,0,.10162208
0,0,0,.13756053
0,0,0,1.2816921
1,1,0,11.003192
1,0,0,.27709389
0,0,0,.020122435
1,0,0,-.44796538
0,0,0,-1.1564357
1,1,0,10.564147
0,0,1,-1.1631782
1,0,1,8.7337418
0,0,1,-.24673206
1,1,0,8.0909243
1,1,1,9.4977818
1,1,0,9.6751518
1,1,0,8.4141245
1,0,1,9.3970642
0,0,0,-.75005692
0,0,0,.44343495
0,0,1,.1692982
1,0,0,1.5705388
1,1,0,9.5303459
0,0,0,-2.220058
0,0,0,-.068492681
0,0,1,.90273356
1,1,0,8.2758417
0,0,0,-.98963189
0,0,1,-.75856686
0,0,0,-.023794513
0,0,1,-.28539178
0,0,1,-.28759873
1,1,0,9.7455873
0,0,0,.68322963
1,1,0,10.339573
1,0,1,9.598217
0,0,0,-.7719118
1,0,1,8.250248
1,0,1,9.1333199
1,0,1,10.402106
1,1,0,10.70741
1,1,0,8.5720367
0,0,0,.8424499
0,0,1,.097539857
1,1,0,8.7379713
1,0,0,.49262416
0,0,1,-.44622934
0,0,1,1.3996048
0,0,1,1.4314349
1,1,0,7.485364
1,0,1,10.270589
1,1,0,7.7942233
0,0,0,-1.465831
1,0,1,8.277401
1,0,1,9.799902
0,0,1,.25158525
0,0,1,.66285151
0,0,1,-.64473224
0,0,1,-.1064768
1,1,1,10.371534
1,0,1,9.4418087
0,0,0,-2.3363454
1,1,0,7.8904448
1,0,1,8.3643856
1,0,1,9.8968258
1,1,0,7.1535568
1,0,1,9.9406834
1,0,1,10.104146
1,1,0,8.9034042
1,1,0,8.0665474
0,0,1,-.8947953
0,0,0,-.19233051
0,0,1,.55872864
1,1,0,8.2357674
1,0,0,2.8555117
1,0,0,1.5654984
1,1,0,9.9611092
0,0,0,-.96010518
1,0,1,10.226935
1,0,1,9.9401855
1,1,0,9.4187565
0,0,1,.13160613
1,1,0,8.0828609
0,0,1,-1.4106698
1,1,0,9.234005
1,0,1,11.106996
1,0,1,10.210823
0,0,1,.51067197
1,1,0,10.046166
1,1,1,10.066705
0,0,1,-1.8700835
1,0,0,1.3325206
1,0,0,2.8533213
0,0,1,-.060345497
0,0,1,-.039280016
1,0,0,1.2582567
1,0,1,9.9119959
0,0,1,-.32109657
1,0,1,10.297529
1,1,0,8.377429
1,0,1,8.5729656
1,1,0,7.6710486
0,0,0,-.50355965
0,0,0,.96147126
1,0,1,8.9065828
0,0,0,.79623407
1,1,0,6.7696247
0,0,1,-1.047732
1,1,1,9.7887135
0,0,0,-.095591776
0,0,0,.63272148
0,0,0,.19221887
1,0,0,1.9416498
1,1,0,8.4458132
1,0,0,1.682516
1,0,1,8.7709141
0,0,0,-.57447749
1,0,1,9.5389795
0,0,1,.32188222
1,1,1,11.846017
0,0,0,.32866809
0,0,0,-2.0688365
1,1,0,6.8710308
0,0,0,1.0841718
1,1,0,10.208788
1,1,0,7.6795182
1,1,0,9.6924458
0,0,1,-.86219066
1,1,0,9.4595127
0,0,0,.66192758
0,0,0,-.54943103
0,0,1,-1.0829149
1,0,1,10.394605
1,1,0,9.3499269
1,1,1,10.853422
0,0,0,.096965969
0,0,0,-.094853617
1,0,1,8.2402534
0,0,0,1.1652911
1,1,0,8.7756948
0,0,0,.36006182
0,0,0,-.20720515
0,0,1,-.1430364
0,0,1,1.4906602
1,0,1,8.7110929
1,1,0,8.5565071
0,0,0,.099601626
1,1,0,8.2220592
1,1,0,9.3362093
1,1,0,7.5691128
0,0,0,-.14829931
0,0,0,-1.4290947
0,0,1,-.0059755659
0,0,0,.11520985
1,1,1,10.187927
0,0,1,.24328955
0,0,1,-.48442915
1,1,0,9.1842327
0,0,0,-1.5508308
1,1,0,8.5578079
0,0,0,.66169
0,0,0,.84507203
1,0,1,9.0925217
0,0,1,.063282222
1,0,1,10.138228
1,0,1,9.6085052
0,0,0,-.55228668
1,1,0,7.5342474
0,0,1,.99498469
1,1,0,7.8615398
1,1,0,8.3766317
1,1,0,9.1841059
1,1,1,12.249056
1,0,1,11.136911
0,0,0,.12243444
1,1,0,8.035078
0,0,0,-.70360792
0,0,0,-1.219694
0,0,1,-1.7836287
1,0,1,9.9371033
1,1,0,8.9893894
0,0,1,-.09750063
0,0,0,-1.2005934
0,0,1,-2.0518081
1,0,1,7.4671445
1,0,1,9.9307356
1,1,0,8.2296286
0,0,0,2.1137974
0,0,1,.62629008
1,1,0,8.7061081
1,1,0,8.4326105
1,1,0,8.2788868
1,1,0,8.3375292
1,1,0,7.8904171
1,0,1,9.2199793
0,0,0,-.57513559
1,1,1,9.5716257
0,0,1,-.24413532
0,0,0,1.274309
1,0,1,9.0808678
0,0,1,-1.7958077
0,0,1,-.39375964
0,0,1,1.3468622
0,0,1,2.3024433
1,1,0,7.0334768
0,0,0,-.75797123
1,0,1,10.174419
0,0,1,1.5816745
0,0,1,-.24355505
1,0,1,8.10285
1,0,1,10.24369
1,0,0,1.5242095
1,1,1,12.050236
0,0,0,2.0232472
0,0,1,-.066539027
1,1,0,11.180687
0,0,1,-1.3696581
1,1,0,8.0201397
0,0,1,.84164798
0,0,0,.028212471
1,0,1,9.3525791
0,0,1,-.57992554
1,1,0,10.461446
0,0,0,-.19213304
1,0,1,10.723369
0,0,0,.86124802
0,0,1,.034698505
0,0,0,.58694422
1,0,0,-.4229995
0,0,0,1.4641445
0,0,0,.22803509
0,0,1,-1.9521638
0,0,1,.63315564
1,0,1,10.19789
0,0,0,1.0931791
1,0,1,8.933816
1,1,0,8.6220722
1,1,0,9.0968695
0,0,0,1.275084
1,0,0,2.7981858
1,1,0,8.9548817
1,0,0,-.15773451
1,0,1,10.841579
1,1,0,9.0517502
1,1,0,8.0598917
0,0,0,1.0318176
0,0,1,.62210542
1,0,0,2.5690062
1,1,0,9.5085239
1,1,0,7.5268078
1,1,0,7.2261477
0,0,0,-.10019409
1,0,1,9.1720572
1,1,0,8.6142073
1,1,0,6.9054785
0,0,0,1.3664074
0,0,1,-1.3108468
1,0,1,8.0978222
1,0,1,8.0537319
1,0,1,9.3292418
0,0,0,-.39453664
0,0,1,.22754951
0,0,1,.19173703
0,0,1,-.31011862
0,0,0,.81045216
1,0,1,9.7335587
0,0,1,1.0126668
0,0,1,-.32033068
1,1,1,10.558514
0,0,1,1.3607638
0,0,0,-.91801637
1,0,1,8.7011471
1,1,0,8.8542204
1,1,1,11.284039
1,0,1,8.9676647
1,0,1,10.40727
0,0,1,-1.4853612
1,0,1,11.543583
0,0,1,-1.6776958
1,1,1,10.321896
0,0,0,.14888223
1,0,1,7.0530367
1,1,0,9.4310169
0,0,1,.46686417
1,1,0,8.9235067
0,0,1,.33212206
0,0,1,-.26548633
0,0,0,-.079315983
0,0,1,.81726992
0,0,1,-.59663874
0,0,1,.12966099
0,0,0,1.0344088
0,0,1,1.4156322
1,1,0,6.9174709
1,1,0,9.3225183
1,0,1,9.2372637
1,0,1,8.685421
0,0,0,.058047973
1,1,0,8.5146046
0,0,0,-.50938457
1,0,1,10.606336
0,0,0,.094956048
0,0,0,-.81712329
0,0,0,.07490012
1,1,0,9.7563457
0,0,1,-.036862746
1,1,0,8.3731899
0,0,1,.51997161
1,0,1,9.252346
0,0,0,-.96911019
1,0,1,10.695226
1,1,0,8.6708174
1,1,1,14.374409
0,0,0,-.13553543
1,0,1,9.8040018
1,0,0,1.7256457
0,0,1,.28018451
0,0,0,.52844328
1,0,0,1.1981403
0,0,1,-.60329252
1,0,0,1.5238628
1,0,1,9.2323332
1,1,0,9.5855846
1,1,0,8.5940046
0,0,1,-.71274644
1,0,1,7.9994974
0,0,0,.28459221
0,0,1,-1.131834
1,1,1,12.516644
1,1,0,9.2538204
1,1,0,8.6774082
1,1,1,10.838829
1,0,1,9.9858742
0,0,1,-1.1589087
1,0,1,9.8754749
0,0,1,-1.3213247
0,0,0,-.94994324
0,0,1,-.67474306
1,0,1,7.764513
0,0,0,-.16644266
0,0,1,.779019
0,0,1,-1.2389904
0,0,1,-1.1168988
1,0,1,10.502146
1,1,0,10.17154
1,1,1,10.293334
1,1,0,9.3034086
0,0,1,-.19333331
0,0,1,-.55476832
1,1,0,8.8496838
0,0,0,-.031855997
1,1,0,8.1403494
0,0,0,1.2835336
1,1,0,8.4012651
1,0,1,10.280451
0,0,0,.50609714
0,0,1,-.41229838
0,0,0,-1.3884841
0,0,1,.26791459
1,1,0,9.6191902
1,0,0,1.893849
1,0,0,2.3697696
1,0,1,8.8928967
1,1,0,10.057238
0,0,0,-1.1140829
0,0,1,.13893212
0,0,0,-.65031171
0,0,0,1.1826113
1,0,1,10.170689
1,1,0,8.0421295
1,0,1,8.5995588
0,0,0,.7801376
1,1,1,10.824815
1,1,0,7.5104051
0,0,1,.40970537
1,0,1,9.028203
0,0,0,1.4429904
0,0,1,.56206888
1,0,1,9.3511076
0,0,0,-.0042379256
1,0,1,10.635712
1,0,1,9.8801775
1,1,0,8.2414579
1,0,1,9.642725
1,0,0,2.7108996
1,1,1,10.888149
0,0,0,-1.8535625
0,0,1,.28097218
1,0,1,10.033051
0,0,1,.30302194
1,1,0,9.6972876
0,0,0,-.47487062
1,1,1,12.20215
0,0,0,-1.1384267
1,1,0,7.9346256
0,0,0,-1.1858457
0,0,0,-.28774041
0,0,0,-.6970464
0,0,1,-.31397966
0,0,0,-.15978341
1,1,1,12.564528
0,0,1,.1804269
0,0,0,1.5911597
1,0,1,10.479163
1,1,0,8.3675499
0,0,1,1.7967718
0,0,1,-.37472811
0,0,1,.23255439
1,0,1,9.0288334
0,0,0,.4230338
1,0,1,9.1581678
1,1,0,7.6841006
1,0,1,8.696454
0,0,1,-.45475352
1,1,0,6.3000126
0,0,1,.015984237
0,0,0,-.47482958
1,1,1,10.890304
0,0,1,.62026858
0,0,1,1.9160848
1,0,1,11.055985
0,0,0,.58667606
0,0,1,.74011517
1,1,0,8.9036837
1,1,0,9.5918541
1,0,0,1.5382143
1,0,1,8.639039
0,0,0,-.76584381
0,0,0,1.0148178
1,0,0,1.3350644
1,0,1,10.910488
1,0,1,9.9815378
1,0,1,9.5120258
0,0,0,-.20692985
1,1,0,7.7665863
1,1,0,7.8897619
0,0,1,-1.7268599
1,1,0,7.7775488
1,1,0,8.9586153
0,0,1,-.90811127
1,0,1,9.796526
0,0,0,-.71556795
1,0,1,8.9202223
0,0,0,1.995895
1,1,1,10.491054
0,0,0,1.3415201
0,0,0,-.50574613
0,0,0,1.1444509
0,0,1,.0042205602
0,0,0,1.7129427
0,0,1,1.4583145
1,1,0,7.4196377
1,0,1,7.9273129
1,1,0,7.9853988
1,1,1,10.542749
1,1,0,8.7883081
0,0,1,-1.2777123
1,1,0,10.086061
1,0,1,8.3586731
0,0,0,1.6155356
1,0,1,9.289917
1,0,1,9.0182371
0,0,1,1.0806886
0,0,0,-.18812323
0,0,1,.80606264
0,0,0,-1.788029
1,0,0,2.1470466
0,0,1,-.47539374
0,0,1,.45557758
1,0,0,2.6921144
1,0,1,9.2954426
0,0,1,-1.8484337
1,0,1,8.4991293
0,0,0,.3074823
0,0,0,-1.1158746
1,0,1,10.163193
1,0,0,.52106726
0,0,1,-1.0961964
0,0,1,1.3112974
0,0,1,.0011297903
0,0,0,.60072386
0,0,0,1.1674325
0,0,0,.64277619
0,0,0,1.5890348
0,0,1,.37151891
1,1,0,7.4522915
1,1,0,9.0238047
1,0,1,10.262585
0,0,1,-.60630172
0,0,0,-.53253657
0,0,0,1.0824167
1,0,1,10.051396
1,0,0,2.3923442
1,1,0,9.3267651
0,0,0,-.14625742
1,1,0,7.298039
0,0,0,-.62268871
1,1,1,11.423525
1,1,0,8.718873
1,0,0,.12108219
1,1,0,7.9668059
0,0,0,-1.0201936
1,1,1,8.9682503
0,0,0,.97196156
0,0,1,.52054691
1,1,1,12.711428
0,0,0,-1.4639188
1,1,1,10.981404
0,0,0,-.14126441
0,0,0,.4938449
1,0,1,9.0040731
0,0,1,-.74071395
0,0,0,.22927795
0,0,0,-1.5437801
0,0,0,.97855365
0,0,1,.29578605
0,0,1,-.9721114
1,0,1,10.147425
1,0,0,2.190836
0,0,1,.99881679
1,1,0,9.160573
1,1,1,12.173308
0,0,1,.6179747
0,0,1,-.15312152
1,0,1,9.1136303
1,0,1,7.736412
1,0,1,9.4821396
0,0,1,.95984536
0,0,0,.90696448
1,1,0,8.1819363
0,0,1,-1.2184453
0,0,0,2.2862048
0,0,0,.39813378
1,1,0,6.9341207
0,0,0,.68812943
1,1,0,10.138975
1,0,1,8.7227726
0,0,1,1.4037941
0,0,1,.69095933
1,0,0,1.6172255
1,1,1,10.107393
0,0,1,.4444547
0,0,0,-1.2759923
0,0,0,-1.2676269
1,1,0,7.7638445
1,0,1,6.9635201
0,0,0,.45840716
0,0,1,-.30667618
1,1,0,9.0119591
0,0,0,-1.8537304
0,0,1,-.0085256062
0,0,0,.33630288
1,0,1,9.3988819
1,0,1,8.215497
0,0,1,-.20680904
1,1,0,7.9430594
1,1,0,8.4833374
0,0,0,1.0696719
1,1,0,8.416708
0,0,1,1.6899537
0,0,0,-1.1056755
0,0,1,-.7742579
1,0,1,9.1672344
0,0,0,.21725856
1,0,1,10.405993
1,1,0,8.9276705
0,0,1,.71585053
1,1,1,12.299977
1,0,0,1.4994146
1,1,0,8.0312042
1,0,1,8.2357349
1,1,0,6.8423862
1,0,1,9.7157927
0,0,0,-.88433957
0,0,0,1.6761194
1,0,1,10.842772
0,0,1,.33717602
1,1,1,11.439964
1,1,0,8.2245493
1,0,1,10.221116
1,0,1,9.8299141
1,0,1,10.102788
0,0,0,-.11046346
1,0,0,.58581913
0,0,0,1.2103622
1,1,1,11.654597
0,0,0,1.0524963
0,0,1,-.7586109
0,0,0,-2.0905232
1,1,0,9.7100544
0,0,0,-.4170742
1,0,1,9.7749701
0,0,1,-.51514834
1,0,1,9.8662062
1,1,0,9.0306778
1,0,1,10.233927
0,0,0,-.66381687
0,0,0,-.88528299
0,0,1,.32036176
0,0,0,1.8256618
0,0,1,.61129558
1,1,0,8.2699099
1,0,1,8.6579447
0,0,1,.2398943
0,0,1,-.017713549
0,0,0,2.574122
1,1,1,10.69231
0,0,0,-.70335335
1,0,0,1.0963818
1,0,1,11.472245
0,0,0,.84847075
0,0,0,1.146355
1,1,0,10.059676
0,0,1,-.033211347
0,0,1,-1.1869386
1,0,1,8.6296444
0,0,1,-.27112222
1,1,1,11.729484
1,1,1,10.395887
1,1,0,10.378636
1,0,1,9.9288397
1,1,0,10.854743
0,0,0,.38009068
0,0,1,.67852199
1,1,0,7.7810011
0,0,1,.30832148
0,0,0,-.72634327
1,0,1,9.109086
0,0,1,-.060331173
0,0,1,1.1405275
1,1,0,7.6470141
0,0,1,-.50717539
1,1,0,8.9455662
0,0,0,.056245182
0,0,0,.070995286
1,1,1,11.692785
1,1,1,9.7727146
0,0,1,-2.3108358
0,0,1,1.3834696
1,0,0,2.8671966
0,0,1,2.3203938
1,1,0,10.846074
1,0,1,10.494184
1,0,1,8.8773518
1,0,1,10.490019
1,0,1,11.518744
0,0,0,-.283885
0,0,0,.50283027
1,0,1,10.397249
1,0,1,9.1660004
1,1,1,11.019535
0,0,1,-1.3962557
1,0,1,9.5010138
1,1,1,11.079342
0,0,1,-1.1703306
1,0,0,1.8435239
1,1,0,8.0108309
1,0,1,10.392303
0,0,1,.81637961
1,0,1,8.6067142
0,0,1,-2.942939
0,0,0,-.17410997
1,1,0,8.3507576
1,1,1,9.924017
0,0,1,.03942728
0,0,1,-1.4002085
1,0,1,8.0443859
0,0,0,1.4455016
1,0,0,2.8957849
1,1,1,9.8199883
1,1,0,8.0708971
0,0,1,-1.4309062
1,1,0,8.293047
0,0,1,-1.2401477
1,0,1,10.805639
0,0,0,-.99830902
0,0,1,.17634213
0,0,0,-1.0229598
0,0,1,1.6600658
1,0,1,10.711281
1,0,1,9.3548136
0,0,1,-1.0079651
1,1,0,6.6246533
1,0,1,9.7651577
1,0,1,10.831389
1,1,0,9.6340809
1,0,0,3.841614
1,1,0,8.3660536
1,1,0,9.1255455
0,0,1,.89920098
1,0,1,9.2142792
1,0,0,1.3981838
0,0,0,-.316185
1,0,0,2.2242091
0,0,0,1.725142
1,0,1,9.7232342
0,0,1,.077519059
0,0,0,-.43616021
0,0,1,-1.2633981
0,0,1,.2924476
1,1,0,7.5577765
1,0,1,7.5069208
1,0,1,9.6306849
1,1,0,7.5333877
0,0,1,1.6714576
0,0,0,2.4883161
1,1,0,9.6054688
0,0,1,-1.1163173
1,0,1,8.6858854
1,0,1,11.619084
1,0,1,10.233284
1,0,1,11.982129
0,0,0,-.54693437
0,0,1,-.8257159
1,1,0,7.841856
0,0,1,.79065794
0,0,1,-.45622975
0,0,1,-.40784636
1,1,1,12.085361
0,0,0,-.68595535
0,0,0,.088772185
0,0,0,-2.9853103
0,0,0,-1.4025456
0,0,1,-2.5408363
0,0,1,.30828366
0,0,1,-1.2204356
0,0,1,1.2897635
1,1,0,10.605971
1,0,1,10.281826
1,1,0,8.9025583
1,0,1,9.4908304
1,0,0,.436607
1,1,0,7.1661353
0,0,0,1.8362746
1,0,1,7.9740367
1,1,0,7.2466431
1,0,1,9.9775209
0,0,1,1.6626146
0,0,1,-.17108986
0,0,0,-1.4095143
1,1,0,9.5375681
1,1,0,7.434413
1,0,0,.77966028
0,0,1,-1.875223
1,1,1,12.05307
0,0,1,.20981181
0,0,1,-.53507191
0,0,1,.010609436
1,1,1,11.476013
1,1,1,10.740543
1,0,1,7.9267569
0,0,0,-.68422091
0,0,0,.41472244
1,1,0,9.2702932
0,0,1,.49874124
1,1,0,10.618526
0,0,0,.76320106
1,0,1,10.189922
1,1,0,9.2059078
1,1,0,9.6164541
1,0,1,9.2670546
1,0,1,9.5108833
1,1,1,11.024843
0,0,1,.08578261
0,0,0,1.2114197
1,0,1,7.9862165
1,0,1,9.4974327
0,0,0,.43865219
1,1,0,7.2247863
0,0,0,.48731115
1,1,1,12.595146
0,0,1,.58552217
1,1,0,9.3353777
0,0,0,-.43819675
0,0,1,-1.153013
1,0,1,10.746494
1,0,1,9.5409164
0,0,1,-.55183852
0,0,0,1.0304719
0,0,1,1.2237347
0,0,1,-.92545992
1,1,1,10.528271
0,0,1,.23181948
1,0,1,8.9386034
1,1,0,9.9176903
1,0,0,1.5302342
0,0,0,.089498833
1,1,0,8.3439369
0,0,1,-.036748435
1,0,1,9.0567884
0,0,0,2.0707195
1,0,1,8.5024977
0,0,1,.13792811
0,0,1,.39646971
1,0,1,7.8295979
0,0,1,1.4790639
1,1,0,7.2481565
0,0,1,.017760966
1,1,0,8.9889708
0,0,0,1.0664328
0,0,0,.85421377
0,0,1,.060954649
1,0,1,10.860038
1,1,0,9.2035484
0,0,0,1.0484934
1,0,0,1.9268657
1,1,0,9.3714561
0,0,0,.10531589
0,0,0,-2.1307044
1,0,1,10.326829
1,1,0,7.88095
0,0,0,-.014134451
0,0,0,.67829853
1,1,0,8.6009321
0,0,0,-1.6581285
0,0,1,.56700176
1,0,0,.13009036
1,0,1,8.7360268
1,1,0,9.1142559
0,0,0,.42193961
1,1,1,12.654073
0,0,1,.48128176
1,1,0,10.039507
1,1,0,7.1447067
1,0,1,8.4718513
0,0,0,.28663343
1,1,0,9.5148392
0,0,0,.53302193
0,0,1,.50292689
0,0,1,-.038950872
1,1,0,9.0761881
0,0,1,.45468283
0,0,0,-1.5185281
1,0,1,8.5812426
0,0,0,-1.4944749
1,1,0,8.5854692
0,0,1,-1.2070841
0,0,0,-.87318379
1,0,1,11.465652
1,1,0,5.92311
0,0,1,.74184841
1,0,1,9.0334883
1,1,0,7.2331524
1,1,0,9.1496668
0,0,1,-1.1793402
1,1,0,6.9519091
1,1,0,7.3561711
0,0,1,-1.6564126
0,0,1,.33161736
0,0,1,-1.341778
1,0,1,10.693607
1,0,0,2.4329426
0,0,0,1.074149
1,1,0,8.884902
0,0,0,-.52245027
0,0,1,1.081794
1,0,1,8.1378641
1,0,1,8.1543541
1,0,1,8.3834057
1,0,1,9.1694117
0,0,1,-.48818585
0,0,0,-.82980043
1,0,1,9.8630857
0,0,1,-.8168959
1,0,1,7.4884348
1,0,1,8.6894522
0,0,1,.1464306
0,0,0,.02598984
1,0,1,9.3772049
1,1,0,10.42128
1,0,0,.67357349
0,0,0,.11516789
1,1,1,11.141794
1,1,0,8.9578733
0,0,1,.82155859
1,1,0,9.5224485
1,1,1,11.661916
1,0,1,9.2614679
1,0,1,9.979166
1,1,0,9.1451483
0,0,0,-.28792247
0,0,0,.89577425
0,0,1,-.026661919
0,0,0,-.96788388
1,0,1,9.3967867
0,0,1,-.15982865
0,0,1,-.25725743
1,1,1,11.314492
0,0,1,1.1306969
1,1,0,7.6096411
1,1,0,8.7031832
1,0,1,9.3003273
1,0,1,7.773541
1,0,1,10.831757
0,0,1,-1.2666701
0,0,0,-.22868812
1,0,1,9.1291533
1,0,1,10.107089
0,0,1,-1.3013929
0,0,1,.39366227
0,0,0,1.0996406
0,0,1,1.0319124
0,0,0,-.061948378
1,1,0,8.7976942
1,1,1,12.909305
0,0,0,-.12665184
1,1,0,7.944531
1,0,1,9.3047018
1,0,1,9.5581303
1,1,0,9.296278
0,0,0,-.94556421
1,0,1,9.3948784
0,0,1,-.30792066
1,0,1,9.2275724
0,0,0,.37350589
1,1,1,11.187493
0,0,0,.41821259
0,0,0,2.2070284
0,0,1,-.047931578
1,1,0,8.5866718
0,0,0,.31548998
1,1,1,11.521431
0,0,1,-.28195226
0,0,1,-.65441698
1,0,1,9.3652334
1,1,0,8.9868841
1,1,0,9.3362198
1,1,0,10.093113
0,0,0,.76657176
0,0,1,.99034655
1,0,0,1.5645682
0,0,0,-1.1175402
1,1,0,10.779425
0,0,0,.13423352
1,1,1,11.076699
1,1,1,10.275985
1,1,0,9.1527987
0,0,1,.11563863
0,0,1,-.20072259
1,0,1,10.038296
0,0,0,.22249347
0,0,0,-.97874767
0,0,0,-.81587517
1,0,1,8.428318
0,0,0,-.075762235
1,1,0,9.1935635
0,0,1,1.4646555
1,1,0,8.7533302
1,0,1,8.9976721
1,0,1,7.9180264
1,0,1,9.0103168
1,1,1,10.827374
1,1,0,7.0292153
1,1,0,7.5896535
1,1,0,10.354223
0,0,1,.9716484
0,0,0,1.0509363
0,0,0,-.13993645
1,1,0,7.4047575
0,0,0,-.68582124
0,0,0,-.7687034
0,0,0,-.86944675
1,0,0,1.079307
1,0,1,8.4789696
1,1,0,8.3724146
1,1,1,10.78878
1,0,1,9.2844439
1,0,0,2.0748289
0,0,0,.5115692
0,0,1,.44253722
0,0,1,-.82569152
1,1,0,7.9747014
0,0,0,-.2981101
1,1,0,10.015028
0,0,1,-.22635631
1,0,1,10.927405
1,0,1,10.361255
1,0,1,10.178328
1,0,1,8.4778671
0,0,0,2.2949922
1,1,0,8.6362743
1,1,0,7.9047318
0,0,0,.28493127
0,0,0,.42259735
0,0,0,-.43740505
1,0,1,10.456136
1,1,1,12.330893
1,0,1,10.807306
0,0,1,1.7219989
1,0,1,7.9452581
0,0,1,-1.4463124
0,0,0,1.0519254
0,0,0,-.38081741
1,1,1,11.896415
0,0,1,.25241229
1,0,1,10.26028
1,1,1,11.351462
1,1,0,6.8898125
1,0,1,9.2878828
0,0,0,-1.771033
0,0,0,.72789067
1,1,0,7.4677081
1,1,0,9.7679577
1,0,1,10.536497
0,0,0,.30628377
0,0,0,.92931163
1,1,1,12.212179
0,0,1,.87845182
1,0,1,8.4495325
1,1,0,10.742258
1,1,0,8.6400986
1,0,0,2.8626881
1,1,1,10.828254
0,0,1,.1700078
1,0,1,10.438342
1,0,0,.93529832
1,0,0,2.6690593
0,0,1,.73587507
0,0,1,1.6654124
0,0,0,-.68124318
0,0,0,.39372608
0,0,0,-.19419569
0,0,0,.98155588
0,0,1,.74428314
1,1,0,8.0432234
1,0,1,9.0052214
0,0,1,.46661526
1,1,0,7.0603461
1,1,0,10.057133
0,0,0,-.36743867
1,0,1,6.61694
0,0,0,.3868697
0,0,1,.091317736
0,0,1,.51512402
1,0,1,8.3200741
1,1,0,7.7674003
1,1,1,9.7797756
0,0,0,-.71856767
0,0,0,1.5557046
1,0,0,2.5217032
0,0,1,.070496783
1,1,0,7.5525684
1,1,0,6.3311973
0,0,0,1.0570092
1,1,0,7.3358545
1,0,1,11.007679
1,0,0,1.6607893
0,0,1,1.3949341
0,0,0,.48507217
0,0,1,.75302029
1,0,1,10.108176
0,0,1,1.4132534
0,0,0,1.6167784
0,0,1,.56183547
1,0,0,2.1848559
0,0,0,-.44247243
1,1,1,11.178222
0,0,0,-.70285881
1,0,1,9.0831575
1,0,1,9.1725836
0,0,0,-.2577638
0,0,1,-.7996887
1,0,1,11.200807
1,0,1,10.226173
1,1,0,7.9758258
0,0,0,.79458147
0,0,1,1.2547038
1,0,0,2.0949125
1,0,1,10.858379
0,0,1,-.3101292
0,0,0,.22391912
1,0,1,10.66313
1,0,1,8.879755
0,0,1,.38988739
1,1,1,9.6689625
1,1,0,9.2847366
0,0,0,-.79622507
1,1,0,9.1037512
0,0,1,.9762435
0,0,1,-1.4879915
0,0,0,1.530283
0,0,0,.66320884
0,0,0,1.5099294
0,0,0,-1.4772289
0,0,1,-.72425896
0,0,1,-.71377426
0,0,1,.088170856
1,1,1,9.5247326
0,0,1,-.87681395
1,0,1,10.627668
0,0,1,.68485844
1,0,1,9.9385281
1,0,1,9.8924723
1,0,0,1.3054844
0,0,1,1.1714494
1,0,1,10.285372
1,0,1,8.216217
1,1,1,9.2037678
1,0,1,9.6076212
1,0,1,10.479679
0,0,0,.84234673
1,1,0,7.377564
1,1,0,9.8244114
0,0,0,-1.1838259
0,0,0,.28205797
1,0,1,8.874095
1,1,0,7.6184793
1,0,1,8.3605185
1,0,1,8.389636
1,1,0,7.6945429
1,0,1,7.6039762
1,0,1,8.8057766
1,1,0,7.5825682
0,0,0,-2.6242039
0,0,0,.47002667
0,0,0,.09808255
1,1,1,11.056386
0,0,0,-1.0232364
1,1,0,10.209279
1,0,1,10.556932
0,0,0,-1.4074472
0,0,1,.23968938
1,1,0,7.4165196
1,0,1,8.7672586
0,0,0,1.207369
1,1,1,8.4543591
0,0,0,.95545697
1,1,1,12.190338
1,0,1,9.7494049
0,0,0,.49266303
1,0,1,8.8059511
1,1,0,8.0891037
0,0,0,-.49915159
1,1,1,9.4675484
1,0,1,10.111785
0,0,0,.31925252
1,1,0,7.8412375
0,0,1,-.26699606
1,1,0,7.454896
0,0,0,-1.0148079
1,0,1,9.444211
0,0,0,-.96768522
1,0,1,9.1377535
0,0,0,.99385935
1,0,0,3.2796574
1,0,0,1.0123731
1,1,1,12.013857
1,1,0,9.0066681
1,1,1,9.5827417
0,0,1,.58807057
0,0,1,1.103708
0,0,1,-1.014745
1,1,0,9.634449
1,1,0,6.6373868
1,1,0,9.4660149
0,0,1,.57081652
1,0,1,10.826127
1,1,0,8.2134514
1,0,1,8.9762268
1,0,1,9.3683424
0,0,0,-1.1604017
0,0,1,1.8878156
1,0,0,1.3112098
0,0,0,.40389794
1,1,1,11.430341
1,1,1,11.077344
1,1,1,10.77682
1,0,1,11.785767
0,0,0,-.90759766
0,0,1,-.015086453
0,0,0,-1.0527651
1,0,1,8.7945452
0,0,1,-1.033119
0,0,0,-.97075725
1,1,0,8.5144367
0,0,0,1.6793815
1,1,0,7.392539
1,1,0,8.8386402
1,1,0,10.927855
0,0,0,1.2388787
1,0,1,8.7917652
0,0,0,.21538551
0,0,1,-1.1821406
0,0,0,-.90105039
0,0,0,-.30991295
1,0,1,10.932651
0,0,0,.61006939
1,0,1,10.007408
0,0,0,1.660925
0,0,1,-1.1361246
1,1,0,8.2878704
0,0,0,.040589783
0,0,0,.17763343
0,0,1,.39547041
1,0,1,8.3018379
1,0,1,9.2618084
0,0,1,-.77312076
1,1,0,8.1512852
1,0,1,9.734786
1,0,0,2.8348837
0,0,1,-.25307864
1,0,1,9.5868282
0,0,1,1.2489587
0,0,1,.082494803
0,0,0,-.37631515
0,0,1,.051888663
0,0,0,1.7642304
1,1,0,10.087021
0,0,1,.14320284
0,0,1,.56436139
0,0,0,-.60571176
1,0,1,10.199978
0,0,1,1.1911833
0,0,0,.9225198
0,0,1,1.7415135
1,0,1,10.812035
1,0,1,9.7605991
1,0,1,10.133711
1,1,0,9.8294716
0,0,1,.21385475
1,1,0,7.9440346
1,0,1,10.873515
0,0,1,-.27373052
1,1,0,7.1951504
0,0,0,.72613961
1,1,0,10.746828
0,0,0,2.1339459
1,1,0,7.5515552
1,1,1,10.548655
0,0,0,-1.8236263
0,0,1,-.095341995
1,0,1,9.2296696
1,0,0,2.3190315
0,0,1,1.7319629
0,0,0,-.73819023
1,0,1,10.800787
1,1,0,10.128883
1,1,1,11.233591
0,0,0,.12900837
1,1,0,10.327162
1,0,1,10.234564
1,0,1,8.471839
0,0,1,1.6141272
1,0,1,8.8095379
1,0,0,.42345917
0,0,1,-.64959872
0,0,1,.0053672898
0,0,1,-.076236986
1,0,0,2.0321426
0,0,0,.39657792
1,1,0,7.6811757
1,1,0,7.1032867
0,0,1,.24882132
1,0,1,10.021021
0,0,1,.33360913
0,0,0,-.74149632
1,0,1,9.0777111
1,0,0,4.0709629
1,1,0,8.6094313
1,1,0,8.0920467
0,0,1,1.246435
1,1,0,8.3507395
0,0,1,.34459198
0,0,1,-.1080924
0,0,1,-.77704978
0,0,1,-1.5185699
0,0,0,.21878758
0,0,1,1.5937688
1,1,0,7.1804056
1,1,0,9.7057123
0,0,1,-.42296022
0,0,1,-.34306556
0,0,0,.73955935
0,0,1,-.20059921
1,1,0,8.1474504
1,1,1,11.32162
0,0,0,-2.0647531
1,0,1,10.366488
0,0,1,.3744961
0,0,0,-.7914595
0,0,1,.26455545
0,0,1,-1.6827191
1,1,0,6.9183736
1,1,0,10.269725
0,0,1,.47926667
1,0,1,9.7987499
1,1,0,8.6086864
1,0,1,8.6577911
1,1,1,12.045586
1,1,0,9.5551939
1,1,0,7.5467124
1,1,0,8.249382
0,0,1,.26008528
0,0,1,-.46292251
0,0,1,.75947541
1,0,1,10.738128
1,0,1,8.8896704
1,0,1,8.2369728
0,0,0,-.50567895
0,0,0,-.50448644
1,0,0,2.6125712
1,0,1,11.307044
1,1,0,9.7478027
1,1,0,8.9345284
1,0,1,10.637587
1,0,1,9.2158689
1,0,1,8.8358631
0,0,0,1.9473375
0,0,1,1.1814667
0,0,0,.19226539
0,0,0,.22447902
1,1,1,8.8040161
0,0,0,-2.2314093
1,0,1,10.530682
0,0,1,-.64843827
0,0,1,.8182258
0,0,0,-1.1898527
1,0,1,8.4159899
1,1,0,7.7158084
1,1,0,8.3795338
1,1,0,10.507147
1,0,1,9.7436876
0,0,0,-.45005044
1,1,0,9.1275444
0,0,1,1.2908895
0,0,1,-.51430964
1,1,1,12.110026
0,0,1,1.2035106
0,0,1,.25657564
1,1,1,10.49263
0,0,0,-.792772
0,0,0,-.0095621841
1,0,1,10.873605
0,0,0,-1.3694272
0,0,0,.74207819
1,1,0,7.1204691
0,0,1,-.15472843
1,0,1,9.693078
1,0,1,9.7917919
0,0,0,.62329823
0,0,0,-1.6564261
0,0,0,-.62636024
1,0,1,9.8741751
1,1,1,9.1183796
0,0,0,-1.1087836
0,0,1,-1.3407792
1,0,1,9.0554667
0,0,1,-.59288096
1,0,1,11.104935
0,0,1,.56441486
0,0,1,.2326038
0,0,0,.99172455
1,1,0,7.8575749
0,0,1,-.49829617
1,0,0,2.013624
0,0,0,-.86638421
1,0,1,12.829832
0,0,1,-1.1771349
0,0,0,1.1523895
0,0,0,-.0080960765
0,0,1,-.69769204
0,0,1,-.39662004
1,0,0,1.8379143
0,0,1,-.6966601
0,0,0,-1.1555058
1,0,1,9.0845251
0,0,0,.19258277
1,0,0,.55595523
0,0,0,.49544969
0,0,0,-.013087257
1,0,1,11.045936
0,0,0,-.17540997
0,0,1,.21400836
0,0,0,-.0060864752
1,1,0,9.1182632
1,1,0,7.6012869
1,1,0,10.399799
0,0,0,-.057013314
1,1,0,8.2183857
0,0,0,-.78528255
0,0,0,1.1632895
1,0,1,9.6631012
1,0,0,3.7751634
0,0,0,-1.4472218
1,1,0,9.77075
0,0,0,-.063946106
1,1,1,12.449995
0,0,0,-.60758358
0,0,1,-.47475436
1,1,0,8.6178589
1,1,0,8.2325888
0,0,1,1.1242903
0,0,1,-2.2359111
1,0,1,10.324792
1,1,0,8.9650555
0,0,1,-.13604666
0,0,1,-.16492809
1,0,1,8.7047586
0,0,0,.38170624
0,0,0,-1.1998688
1,0,1,9.4400263
1,0,0,1.3515763
0,0,1,-.26997614
0,0,1,2.2001936
1,1,0,9.0380259
1,0,1,10.4266
0,0,1,1.3033329
1,1,0,7.9928732
1,1,0,6.5339718
0,0,1,-.069805391
1,0,1,9.9658852
1,1,0,7.8478303
0,0,1,.56992757
1,1,1,12.277157
1,1,0,10.43669
1,1,0,7.9758735
1,1,0,8.3087273
1,0,1,9.7518034
1,1,1,11.203737
1,0,1,9.189044
1,0,1,10.378529
1,1,0,8.4447346
0,0,1,.74526662
1,0,1,7.8695912
0,0,0,.93037593
0,0,1,.017693285
1,0,0,2.3363097
0,0,1,-.93906093
0,0,0,-.33860651
1,0,1,8.5373602
1,0,1,9.5134821
0,0,1,-1.9630353
1,0,0,1.0011033
0,0,1,-1.9306901
1,1,0,9.6735182
1,1,0,9.9174232
0,0,0,-.76390231
0,0,0,-2.1197937
1,1,0,7.2443533
0,0,1,-.063873999
0,0,1,-1.5432655
0,0,0,.45457828
1,0,1,9.5737228
0,0,1,-2.1110878
1,0,0,1.4657692
1,1,0,8.5440426
0,0,1,-.67284781
0,0,1,-.2058709
0,0,1,1.6510006
1,1,1,13.031758
0,0,0,-.054595053
0,0,1,-1.3681414
0,0,0,1.6124654
0,0,1,.34267616
0,0,0,-1.1003455
1,0,0,1.4990603
1,1,0,7.6470156
0,0,0,.62560022
0,0,1,-1.560865
1,0,1,11.115217
0,0,0,2.5945883
1,0,1,10.507313
0,0,1,1.3869543
0,0,0,-1.0023365
0,0,0,-.22919974
0,0,1,1.397728
1,0,1,9.2862444
1,1,0,7.0070276
1,0,0,.32553661
1,1,1,12.107247
0,0,1,.25495115
0,0,1,-.59019512
0,0,1,-.18663745
0,0,1,.79315591
0,0,1,-.29063246
1,1,0,8.4741945
1,1,0,8.5745077
0,0,0,-1.0419
0,0,1,-.050905764
0,0,0,-1.364611
1,0,1,9.5881834
1,0,1,8.8604012
1,1,0,9.1332178
1,1,0,8.026475
0,0,0,.36958116
0,0,1,.33071932
1,0,1,9.3025951
0,0,0,.1932862
0,0,0,1.7948225
0,0,0,-.22732
1,1,0,8.7248096
0,0,0,.14710556
1,1,0,9.5949755
1,1,1,10.607553
1,1,1,11.188229
1,1,0,10.46804
0,0,1,1.0035422
0,0,1,-.28464127
0,0,1,.34130117
0,0,1,.36952397
0,0,0,.28237167
0,0,0,-.15968481
0,0,1,1.2092005
1,0,1,9.6883841
1,1,1,11.480278
0,0,1,.0092009082
0,0,0,-.22745079
1,0,1,10.890692
0,0,1,-.76680577
0,0,0,.32126662
0,0,0,-.035882249
1,1,0,7.4546289
1,1,0,7.6870537
0,0,0,2.059021
1,1,0,8.1420774
1,1,0,9.230094
1,0,0,1.9901675
0,0,1,-.17383888
0,0,1,-.78304231
1,1,1,10.389075
1,0,0,.71150553
1,1,0,9.1480732
1,0,1,8.2162962
1,1,0,9.0436335
0,0,1,-.11618635
0,0,0,-.56305856
0,0,0,-1.2260324
1,1,0,11.646592
1,1,0,9.1199732
1,1,1,10.397862
0,0,0,.44376564
0,0,1,1.8648354
0,0,1,-.55745625
0,0,0,.92603862
0,0,0,.77948701
1,0,1,9.9579487
1,0,1,10.242957
1,0,1,9.75844
0,0,1,-.35973302
1,1,0,7.1181107
0,0,0,-.20554534
1,0,1,8.4902153
0,0,1,1.0509934
1,1,0,7.5192199
0,0,0,.09918002
0,0,0,-.55310762
0,0,1,-1.0250728
0,0,1,-1.3570461
1,0,1,9.513895
1,0,1,10.46225
1,1,0,8.6853828
1,1,0,6.6471434
0,0,1,1.2256085
1,0,1,9.412219
1,0,1,9.0164385
1,1,0,8.2059717
0,0,0,1.2093062
0,0,0,1.8505003
1,1,0,8.7351112
1,1,0,7.3575678
1,0,0,3.7679865
1,0,0,2.0196505
0,0,1,.38376054
1,0,1,11.30722
0,0,0,-.3585979
0,0,1,-.96754837
0,0,1,.075234681
0,0,0,-1.379905
0,0,0,-.058113854
1,0,0,1.0325263
1,1,1,10.712367
0,0,0,-.9963339
0,0,0,-.86801541
1,1,0,9.8647795
1,1,0,8.2503099
1,0,1,11.930009
1,0,1,9.6512737
1,0,1,9.6688175
0,0,0,-.5459339
0,0,0,-.15465634
1,0,1,9.908082
1,0,0,2.0752354
0,0,0,-.45327514
1,0,1,10.599515
0,0,1,-.28799954
1,0,0,2.0552783
0,0,1,-1.5357894
0,0,1,1.4582829
1,0,1,10.540529
0,0,1,-1.3227406
0,0,1,1.2890894
0,0,0,-2.222501
0,0,1,1.2864273
1,1,0,9.3614883
1,1,0,8.5954885
1,1,0,8.1174517
1,0,1,9.2362585
1,1,0,9.1695595
1,1,1,9.5717878
1,0,1,9.3658981
1,0,0,2.6352425
1,0,1,9.6523829
0,0,0,-.65751743
1,0,1,9.7574558
1,1,0,8.4436522
0,0,0,.95313549
1,1,0,7.6884561
1,0,0,1.2802964
0,0,1,-1.2094827
1,0,0,2.3980138
1,0,1,8.8699646
0,0,0,-.38008359
0,0,0,.48723897
0,0,0,.46002287
1,1,0,8.0588665
1,0,1,10.312137
1,0,0,2.7877381
1,1,0,7.5966377
1,1,0,9.5459652
1,0,1,9.3730898
1,1,0,8.9251823
1,1,0,9.6503029
1,1,0,9.637043
0,0,0,.45390838
1,0,1,9.8688726
0,0,0,.60910541
0,0,1,-.79915082
1,0,1,9.9502592
0,0,0,-2.0590768
0,0,0,.61616385
0,0,1,-.72796762
1,0,1,9.3911572
0,0,0,-.025361113
1,1,0,8.7775974
1,0,1,9.0444784
0,0,1,2.1864209
1,1,1,9.683218
0,0,0,1.0311754
0,0,1,-1.0475801
0,0,0,-1.7385029
1,0,1,11.321049
0,0,0,.58451396
0,0,0,-.142959
0,0,1,-.54386246
1,0,1,9.6817341
1,1,0,8.9998178
1,0,1,9.8831511
0,0,0,-1.4838166
0,0,0,-.99093831
0,0,1,.32464629
1,1,0,6.8171921
1,0,1,8.7155104
0,0,1,-.78571039
0,0,1,.34608027
1,0,1,8.3900089
1,0,1,7.8176746
1,0,1,8.909874
0,0,0,-.59625924
1,0,0,2.6236062
1,1,0,6.909966
1,1,0,9.1736622
0,0,1,-.25898078
1,0,0,2.7924054
0,0,1,-1.2022309
0,0,1,-.51809102
1,1,0,9.0821009
0,0,1,.78156036
1,0,1,10.724844
1,1,0,8.5886459
1,0,0,-.32180917
1,1,0,8.9737711
0,0,1,1.0226173
1,0,1,9.4725637
0,0,0,-.11214603
1,1,0,6.8608708
1,1,0,8.5345678
0,0,0,-1.2061983
0,0,0,-.47012135
1,0,1,10.025493
1,1,0,7.6416574
0,0,0,1.7369889
1,0,1,10.329758
1,0,1,10.874669
1,0,1,10.273111
1,1,1,10.589927
0,0,1,-.49632472
0,0,0,-.6919654
1,0,0,1.4954147
0,0,0,.0089112343
0,0,1,-2.4778397
0,0,0,-.37079957
1,1,1,11.567149
0,0,0,.79723322
0,0,1,-.36005273
0,0,0,-.19628012
1,1,0,8.2044039
0,0,1,-.33040363
1,1,0,7.036252
1,0,1,9.3796072
1,0,1,10.188076
1,1,0,8.5957594
1,1,0,7.3606567
0,0,1,-.32949507
0,0,1,-.066825368
1,1,0,8.6457596
1,1,0,9.774972
1,1,0,8.5125532
0,0,1,-.72652614
1,1,0,7.3764772
1,1,1,10.516283
0,0,1,.43847632
1,0,1,9.7340879
1,1,0,8.8078938
1,0,1,10.516687
1,0,1,10.002186
0,0,0,2.8047264
1,0,1,8.1749372
0,0,1,.30328801
1,0,1,7.3867798
0,0,1,1.2258545
0,0,1,1.2441876
1,1,0,7.7494435
0,0,1,-.62153673
1,0,0,2.1153822
1,0,0,1.4597414
0,0,1,.073916629
1,0,1,9.2638359
1,0,1,9.2604256
0,0,1,-.48446417
0,0,1,.2523925
0,0,0,-.50634742
0,0,0,-.55120671
1,1,1,10.948127
1,1,0,8.7991905
0,0,1,-1.1505978
1,0,0,1.9933982
1,0,1,9.1284971
0,0,1,.054045442
1,1,0,7.8706555
1,1,0,8.9046745
1,0,1,10.571931
0,0,0,-1.877261
0,0,0,.56437248
1,0,1,7.8223562
0,0,1,-.43238041
0,0,0,.62802696
0,0,0,-1.8787234
1,0,1,9.6325045
1,1,0,6.9923863
0,0,0,-.45894164
1,0,1,9.491334
0,0,1,-.81894898
0,0,1,-.5357604
0,0,1,-.67003608
0,0,0,1.0969082
1,1,0,10.229727
0,0,1,-1.2643924
1,0,1,9.7085323
0,0,0,-.79491991
1,1,1,10.844267
0,0,1,.21275043
0,0,1,-1.6951481
1,1,0,9.8821716
1,0,1,9.7875929
0,0,1,-.7964561
1,0,1,9.4229584
1,1,0,9.3437395
1,0,1,9.9610367
1,1,0,6.9349313
0,0,0,-1.3153456
0,0,1,-.33342114
0,0,1,-.87825912
1,1,0,8.2668333
0,0,1,1.3392533
0,0,0,.23320884
1,1,0,8.3581867
0,0,1,.25029978
0,0,0,-.024840742
0,0,0,.98787218
0,0,0,1.2312676
0,0,0,-.4184019
0,0,0,-.0030230724
1,0,1,10.88313
0,0,1,-.36136007
0,0,1,-.011145359
0,0,1,1.6366696
0,0,1,.22487384
